state,obs,raw_obs,action,episode,agent_idx
"Players: ((3, 1) facing (0, -1) holding None, (1, 2) facing (0, -1) holding None), Objects: [], Bonus orders: [] All orders: [('onion',), ('onion', 'onion'), ('onion', 'onion', 'onion')] Timestep: 0","[1. 0. 0. 0. 0. 0. 0. 0. 0. 0. 1. 0. 0. 0. 1. 0. 3. 1. 1. 2. 1. 0. 0. 0.
 0. 0. 0. 0.]","[ 1.  0.  0.  0.  0.  0.  0.  0.  0.  0.  0.  0.  0.  0.  0.  0.  0.  0.
  0.  3.  0.  0.  1.  1.  0.  0.  0.  0.  0.  0.  0. -1.  1.  1.  0.  0.
  0.  0.  0.  0.  1.  0.  1.  0.  1.  1.  1.  0.  0.  0.  0.  0.  0.  0.
 -1.  0.  0.  0. -1.  1.  0.  0.  0.  0.  0.  0.  0.  0.  0.  0.  0.  0.
  0.  0.  0.  0.  0.  0.  0.  0.  0.  0.  0.  0.  0.  0.  0.  0.  0.  0.
  1.  1. -2.  1.  3.  1.]",1,0,0
"Players: ((3, 2) facing (0, 1) holding None, (1, 2) facing (-1, 0) holding None), Objects: [], Bonus orders: [] All orders: [('onion',), ('onion', 'onion'), ('onion', 'onion', 'onion')] Timestep: 1","[0. 1. 0. 0. 0. 0. 0. 0. 0. 0. 1. 0. 0. 0. 1. 0. 3. 2. 1. 2. 0. 0. 0. 1.
 0. 0. 0. 0.]","[ 0.  1.  0.  0.  0.  0.  0.  0.  0.  0.  0.  0.  0.  0.  0.  0.  0.  0.
  0.  2.  0.  0.  1.  1.  0.  0.  0.  0.  0.  0.  0. -2.  1.  1.  0.  0.
  0.  0.  0.  0.  1. -1.  0.  0.  1.  1.  0.  0.  0.  1.  0.  0.  0.  0.
 -1.  0.  0.  0. -1.  1.  0.  0.  0.  0.  0.  0.  0.  0.  0.  0.  0.  0.
  0.  0.  0.  0.  0.  0.  0.  0.  0.  0.  0.  0.  0.  0.  0.  0.  0.  0.
  1.  1. -2.  0.  3.  2.]",1,0,0
"Players: ((3, 3) facing (0, 1) holding None, (1, 2) facing (-1, 0) holding onion@(1, 2)), Objects: [], Bonus orders: [] All orders: [('onion',), ('onion', 'onion'), ('onion', 'onion', 'onion')] Timestep: 2","[0. 1. 0. 0. 0. 0. 0. 0. 0. 0. 1. 0. 0. 0. 1. 0. 3. 3. 1. 2. 0. 0. 0. 1.
 1. 0. 0. 0.]","[ 0.  1.  0.  0.  0.  0.  0.  0.  0.  0.  0.  0.  0.  0.  0.  0.  0.  0.
  0.  1.  0.  0.  1.  1.  0.  0.  0.  0.  0.  0.  0. -3.  1.  1.  0.  0.
  0.  0.  0.  0.  1. -2.  0.  1.  1.  1.  0.  0.  0.  1.  1.  0.  0.  0.
  0.  0.  0.  0. -1.  1.  0.  0.  0.  0.  0.  0.  0.  0.  0.  0.  0.  0.
  0.  0.  0.  0.  0.  0.  0.  0.  0.  0.  0.  0.  0.  0.  0.  0.  0.  0.
  1.  1. -2. -1.  3.  3.]",1,0,0
"Players: ((3, 3) facing (0, 1) holding None, (1, 2) facing (1, 0) holding onion@(1, 2)), Objects: [], Bonus orders: [] All orders: [('onion',), ('onion', 'onion'), ('onion', 'onion', 'onion')] Timestep: 3","[0. 1. 0. 0. 0. 0. 0. 0. 0. 0. 1. 0. 0. 0. 1. 0. 3. 3. 1. 2. 0. 0. 1. 0.
 1. 0. 0. 0.]","[ 0.  1.  0.  0.  0.  0.  0.  0.  0.  0.  0.  0.  0.  0.  0.  0.  0.  0.
  0.  1.  0.  0.  1.  1.  0.  0.  0.  0.  0.  0.  0. -3.  1.  1.  0.  0.
  0.  0.  0.  0.  1. -2.  0.  1.  1.  1.  0.  0.  1.  0.  1.  0.  0.  0.
  0.  0.  0.  0. -1.  1.  0.  0.  0.  0.  0.  0.  0.  0.  0.  0.  0.  0.
  0.  0.  0.  0.  0.  0.  0.  0.  0.  0.  0.  0.  0.  0.  0.  0.  0.  0.
  1.  1. -2. -1.  3.  3.]",0,0,0
"Players: ((3, 2) facing (0, -1) holding None, (1, 2) facing (1, 0) holding onion@(1, 2)), Objects: [], Bonus orders: [] All orders: [('onion',), ('onion', 'onion'), ('onion', 'onion', 'onion')] Timestep: 4","[1. 0. 0. 0. 0. 0. 0. 0. 0. 0. 1. 0. 0. 0. 1. 0. 3. 2. 1. 2. 0. 0. 1. 0.
 1. 0. 0. 0.]","[ 1.  0.  0.  0.  0.  0.  0.  0.  0.  0.  0.  0.  0.  0.  0.  0.  0.  0.
  0.  2.  0.  0.  1.  1.  0.  0.  0.  0.  0.  0.  0. -2.  1.  1.  0.  0.
  0.  0.  0.  0.  1. -1.  0.  0.  1.  1.  0.  0.  1.  0.  1.  0.  0.  0.
  0.  0.  0.  0. -1.  1.  0.  0.  0.  0.  0.  0.  0.  0.  0.  0.  0.  0.
  0.  0.  0.  0.  0.  0.  0.  0.  0.  0.  0.  0.  0.  0.  0.  0.  0.  0.
  1.  1. -2.  0.  3.  2.]",0,0,0
"Players: ((3, 1) facing (0, -1) holding None, (1, 2) facing (1, 0) holding onion@(1, 2)), Objects: [], Bonus orders: [] All orders: [('onion',), ('onion', 'onion'), ('onion', 'onion', 'onion')] Timestep: 5","[1. 0. 0. 0. 0. 0. 0. 0. 0. 0. 1. 0. 0. 0. 1. 0. 3. 1. 1. 2. 0. 0. 1. 0.
 1. 0. 0. 0.]","[ 1.  0.  0.  0.  0.  0.  0.  0.  0.  0.  0.  0.  0.  0.  0.  0.  0.  0.
  0.  3.  0.  0.  1.  1.  0.  0.  0.  0.  0.  0.  0. -1.  1.  1.  0.  0.
  0.  0.  0.  0.  1.  0.  1.  0.  1.  1.  0.  0.  1.  0.  1.  0.  0.  0.
  0.  0.  0.  0. -1.  1.  0.  0.  0.  0.  0.  0.  0.  0.  0.  0.  0.  0.
  0.  0.  0.  0.  0.  0.  0.  0.  0.  0.  0.  0.  0.  0.  0.  0.  0.  0.
  1.  1. -2.  1.  3.  1.]",0,0,0
"Players: ((3, 1) facing (0, -1) holding None, (1, 2) facing (1, 0) holding onion@(1, 2)), Objects: [], Bonus orders: [] All orders: [('onion',), ('onion', 'onion'), ('onion', 'onion', 'onion')] Timestep: 6","[1. 0. 0. 0. 0. 0. 0. 0. 0. 0. 1. 0. 0. 0. 1. 0. 3. 1. 1. 2. 0. 0. 1. 0.
 1. 0. 0. 0.]","[ 1.  0.  0.  0.  0.  0.  0.  0.  0.  0.  0.  0.  0.  0.  0.  0.  0.  0.
  0.  3.  0.  0.  1.  1.  0.  0.  0.  0.  0.  0.  0. -1.  1.  1.  0.  0.
  0.  0.  0.  0.  1.  0.  1.  0.  1.  1.  0.  0.  1.  0.  1.  0.  0.  0.
  0.  0.  0.  0. -1.  1.  0.  0.  0.  0.  0.  0.  0.  0.  0.  0.  0.  0.
  0.  0.  0.  0.  0.  0.  0.  0.  0.  0.  0.  0.  0.  0.  0.  0.  0.  0.
  1.  1. -2.  1.  3.  1.]",1,0,0
"Players: ((3, 2) facing (0, 1) holding None, (1, 2) facing (1, 0) holding onion@(1, 2)), Objects: [], Bonus orders: [] All orders: [('onion',), ('onion', 'onion'), ('onion', 'onion', 'onion')] Timestep: 7","[0. 1. 0. 0. 0. 0. 0. 0. 0. 0. 1. 0. 0. 0. 1. 0. 3. 2. 1. 2. 0. 0. 1. 0.
 1. 0. 0. 0.]","[ 0.  1.  0.  0.  0.  0.  0.  0.  0.  0.  0.  0.  0.  0.  0.  0.  0.  0.
  0.  2.  0.  0.  1.  1.  0.  0.  0.  0.  0.  0.  0. -2.  1.  1.  0.  0.
  0.  0.  0.  0.  1. -1.  0.  0.  1.  1.  0.  0.  1.  0.  1.  0.  0.  0.
  0.  0.  0.  0. -1.  1.  0.  0.  0.  0.  0.  0.  0.  0.  0.  0.  0.  0.
  0.  0.  0.  0.  0.  0.  0.  0.  0.  0.  0.  0.  0.  0.  0.  0.  0.  0.
  1.  1. -2.  0.  3.  2.]",1,0,0
"Players: ((3, 3) facing (0, 1) holding None, (1, 2) facing (1, 0) holding onion@(1, 2)), Objects: [], Bonus orders: [] All orders: [('onion',), ('onion', 'onion'), ('onion', 'onion', 'onion')] Timestep: 8","[0. 1. 0. 0. 0. 0. 0. 0. 0. 0. 1. 0. 0. 0. 1. 0. 3. 3. 1. 2. 0. 0. 1. 0.
 1. 0. 0. 0.]","[ 0.  1.  0.  0.  0.  0.  0.  0.  0.  0.  0.  0.  0.  0.  0.  0.  0.  0.
  0.  1.  0.  0.  1.  1.  0.  0.  0.  0.  0.  0.  0. -3.  1.  1.  0.  0.
  0.  0.  0.  0.  1. -2.  0.  1.  1.  1.  0.  0.  1.  0.  1.  0.  0.  0.
  0.  0.  0.  0. -1.  1.  0.  0.  0.  0.  0.  0.  0.  0.  0.  0.  0.  0.
  0.  0.  0.  0.  0.  0.  0.  0.  0.  0.  0.  0.  0.  0.  0.  0.  0.  0.
  1.  1. -2. -1.  3.  3.]",1,0,0
"Players: ((3, 3) facing (0, 1) holding None, (1, 2) facing (1, 0) holding onion@(1, 2)), Objects: [], Bonus orders: [] All orders: [('onion',), ('onion', 'onion'), ('onion', 'onion', 'onion')] Timestep: 9","[0. 1. 0. 0. 0. 0. 0. 0. 0. 0. 1. 0. 0. 0. 1. 0. 3. 3. 1. 2. 0. 0. 1. 0.
 1. 0. 0. 0.]","[ 0.  1.  0.  0.  0.  0.  0.  0.  0.  0.  0.  0.  0.  0.  0.  0.  0.  0.
  0.  1.  0.  0.  1.  1.  0.  0.  0.  0.  0.  0.  0. -3.  1.  1.  0.  0.
  0.  0.  0.  0.  1. -2.  0.  1.  1.  1.  0.  0.  1.  0.  1.  0.  0.  0.
  0.  0.  0.  0. -1.  1.  0.  0.  0.  0.  0.  0.  0.  0.  0.  0.  0.  0.
  0.  0.  0.  0.  0.  0.  0.  0.  0.  0.  0.  0.  0.  0.  0.  0.  0.  0.
  1.  1. -2. -1.  3.  3.]",0,0,0
"Players: ((3, 2) facing (0, -1) holding None, (1, 2) facing (1, 0) holding onion@(1, 2)), Objects: [], Bonus orders: [] All orders: [('onion',), ('onion', 'onion'), ('onion', 'onion', 'onion')] Timestep: 10","[1. 0. 0. 0. 0. 0. 0. 0. 0. 0. 1. 0. 0. 0. 1. 0. 3. 2. 1. 2. 0. 0. 1. 0.
 1. 0. 0. 0.]","[ 1.  0.  0.  0.  0.  0.  0.  0.  0.  0.  0.  0.  0.  0.  0.  0.  0.  0.
  0.  2.  0.  0.  1.  1.  0.  0.  0.  0.  0.  0.  0. -2.  1.  1.  0.  0.
  0.  0.  0.  0.  1. -1.  0.  0.  1.  1.  0.  0.  1.  0.  1.  0.  0.  0.
  0.  0.  0.  0. -1.  1.  0.  0.  0.  0.  0.  0.  0.  0.  0.  0.  0.  0.
  0.  0.  0.  0.  0.  0.  0.  0.  0.  0.  0.  0.  0.  0.  0.  0.  0.  0.
  1.  1. -2.  0.  3.  2.]",0,0,0
"Players: ((3, 1) facing (0, -1) holding None, (1, 2) facing (1, 0) holding onion@(1, 2)), Objects: [], Bonus orders: [] All orders: [('onion',), ('onion', 'onion'), ('onion', 'onion', 'onion')] Timestep: 11","[1. 0. 0. 0. 0. 0. 0. 0. 0. 0. 1. 0. 0. 0. 1. 0. 3. 1. 1. 2. 0. 0. 1. 0.
 1. 0. 0. 0.]","[ 1.  0.  0.  0.  0.  0.  0.  0.  0.  0.  0.  0.  0.  0.  0.  0.  0.  0.
  0.  3.  0.  0.  1.  1.  0.  0.  0.  0.  0.  0.  0. -1.  1.  1.  0.  0.
  0.  0.  0.  0.  1.  0.  1.  0.  1.  1.  0.  0.  1.  0.  1.  0.  0.  0.
  0.  0.  0.  0. -1.  1.  0.  0.  0.  0.  0.  0.  0.  0.  0.  0.  0.  0.
  0.  0.  0.  0.  0.  0.  0.  0.  0.  0.  0.  0.  0.  0.  0.  0.  0.  0.
  1.  1. -2.  1.  3.  1.]",0,0,0
"Players: ((3, 1) facing (0, -1) holding None, (1, 2) facing (1, 0) holding onion@(1, 2)), Objects: [], Bonus orders: [] All orders: [('onion',), ('onion', 'onion'), ('onion', 'onion', 'onion')] Timestep: 12","[1. 0. 0. 0. 0. 0. 0. 0. 0. 0. 1. 0. 0. 0. 1. 0. 3. 1. 1. 2. 0. 0. 1. 0.
 1. 0. 0. 0.]","[ 1.  0.  0.  0.  0.  0.  0.  0.  0.  0.  0.  0.  0.  0.  0.  0.  0.  0.
  0.  3.  0.  0.  1.  1.  0.  0.  0.  0.  0.  0.  0. -1.  1.  1.  0.  0.
  0.  0.  0.  0.  1.  0.  1.  0.  1.  1.  0.  0.  1.  0.  1.  0.  0.  0.
  0.  0.  0.  0. -1.  1.  0.  0.  0.  0.  0.  0.  0.  0.  0.  0.  0.  0.
  0.  0.  0.  0.  0.  0.  0.  0.  0.  0.  0.  0.  0.  0.  0.  0.  0.  0.
  1.  1. -2.  1.  3.  1.]",1,0,0
"Players: ((3, 2) facing (0, 1) holding None, (1, 2) facing (1, 0) holding onion@(1, 2)), Objects: [], Bonus orders: [] All orders: [('onion',), ('onion', 'onion'), ('onion', 'onion', 'onion')] Timestep: 13","[0. 1. 0. 0. 0. 0. 0. 0. 0. 0. 1. 0. 0. 0. 1. 0. 3. 2. 1. 2. 0. 0. 1. 0.
 1. 0. 0. 0.]","[ 0.  1.  0.  0.  0.  0.  0.  0.  0.  0.  0.  0.  0.  0.  0.  0.  0.  0.
  0.  2.  0.  0.  1.  1.  0.  0.  0.  0.  0.  0.  0. -2.  1.  1.  0.  0.
  0.  0.  0.  0.  1. -1.  0.  0.  1.  1.  0.  0.  1.  0.  1.  0.  0.  0.
  0.  0.  0.  0. -1.  1.  0.  0.  0.  0.  0.  0.  0.  0.  0.  0.  0.  0.
  0.  0.  0.  0.  0.  0.  0.  0.  0.  0.  0.  0.  0.  0.  0.  0.  0.  0.
  1.  1. -2.  0.  3.  2.]",1,0,0
"Players: ((3, 3) facing (0, 1) holding None, (1, 2) facing (1, 0) holding onion@(1, 2)), Objects: [], Bonus orders: [] All orders: [('onion',), ('onion', 'onion'), ('onion', 'onion', 'onion')] Timestep: 14","[0. 1. 0. 0. 0. 0. 0. 0. 0. 0. 1. 0. 0. 0. 1. 0. 3. 3. 1. 2. 0. 0. 1. 0.
 1. 0. 0. 0.]","[ 0.  1.  0.  0.  0.  0.  0.  0.  0.  0.  0.  0.  0.  0.  0.  0.  0.  0.
  0.  1.  0.  0.  1.  1.  0.  0.  0.  0.  0.  0.  0. -3.  1.  1.  0.  0.
  0.  0.  0.  0.  1. -2.  0.  1.  1.  1.  0.  0.  1.  0.  1.  0.  0.  0.
  0.  0.  0.  0. -1.  1.  0.  0.  0.  0.  0.  0.  0.  0.  0.  0.  0.  0.
  0.  0.  0.  0.  0.  0.  0.  0.  0.  0.  0.  0.  0.  0.  0.  0.  0.  0.
  1.  1. -2. -1.  3.  3.]",1,0,0
"Players: ((3, 3) facing (0, 1) holding None, (1, 2) facing (1, 0) holding onion@(1, 2)), Objects: [], Bonus orders: [] All orders: [('onion',), ('onion', 'onion'), ('onion', 'onion', 'onion')] Timestep: 15","[0. 1. 0. 0. 0. 0. 0. 0. 0. 0. 1. 0. 0. 0. 1. 0. 3. 3. 1. 2. 0. 0. 1. 0.
 1. 0. 0. 0.]","[ 0.  1.  0.  0.  0.  0.  0.  0.  0.  0.  0.  0.  0.  0.  0.  0.  0.  0.
  0.  1.  0.  0.  1.  1.  0.  0.  0.  0.  0.  0.  0. -3.  1.  1.  0.  0.
  0.  0.  0.  0.  1. -2.  0.  1.  1.  1.  0.  0.  1.  0.  1.  0.  0.  0.
  0.  0.  0.  0. -1.  1.  0.  0.  0.  0.  0.  0.  0.  0.  0.  0.  0.  0.
  0.  0.  0.  0.  0.  0.  0.  0.  0.  0.  0.  0.  0.  0.  0.  0.  0.  0.
  1.  1. -2. -1.  3.  3.]",0,0,0
"Players: ((3, 2) facing (0, -1) holding None, (1, 2) facing (1, 0) holding onion@(1, 2)), Objects: [], Bonus orders: [] All orders: [('onion',), ('onion', 'onion'), ('onion', 'onion', 'onion')] Timestep: 16","[1. 0. 0. 0. 0. 0. 0. 0. 0. 0. 1. 0. 0. 0. 1. 0. 3. 2. 1. 2. 0. 0. 1. 0.
 1. 0. 0. 0.]","[ 1.  0.  0.  0.  0.  0.  0.  0.  0.  0.  0.  0.  0.  0.  0.  0.  0.  0.
  0.  2.  0.  0.  1.  1.  0.  0.  0.  0.  0.  0.  0. -2.  1.  1.  0.  0.
  0.  0.  0.  0.  1. -1.  0.  0.  1.  1.  0.  0.  1.  0.  1.  0.  0.  0.
  0.  0.  0.  0. -1.  1.  0.  0.  0.  0.  0.  0.  0.  0.  0.  0.  0.  0.
  0.  0.  0.  0.  0.  0.  0.  0.  0.  0.  0.  0.  0.  0.  0.  0.  0.  0.
  1.  1. -2.  0.  3.  2.]",0,0,0
"Players: ((3, 1) facing (0, -1) holding None, (1, 2) facing (1, 0) holding onion@(1, 2)), Objects: [], Bonus orders: [] All orders: [('onion',), ('onion', 'onion'), ('onion', 'onion', 'onion')] Timestep: 17","[1. 0. 0. 0. 0. 0. 0. 0. 0. 0. 1. 0. 0. 0. 1. 0. 3. 1. 1. 2. 0. 0. 1. 0.
 1. 0. 0. 0.]","[ 1.  0.  0.  0.  0.  0.  0.  0.  0.  0.  0.  0.  0.  0.  0.  0.  0.  0.
  0.  3.  0.  0.  1.  1.  0.  0.  0.  0.  0.  0.  0. -1.  1.  1.  0.  0.
  0.  0.  0.  0.  1.  0.  1.  0.  1.  1.  0.  0.  1.  0.  1.  0.  0.  0.
  0.  0.  0.  0. -1.  1.  0.  0.  0.  0.  0.  0.  0.  0.  0.  0.  0.  0.
  0.  0.  0.  0.  0.  0.  0.  0.  0.  0.  0.  0.  0.  0.  0.  0.  0.  0.
  1.  1. -2.  1.  3.  1.]",0,0,0
"Players: ((3, 1) facing (0, -1) holding None, (1, 2) facing (1, 0) holding onion@(1, 2)), Objects: [], Bonus orders: [] All orders: [('onion',), ('onion', 'onion'), ('onion', 'onion', 'onion')] Timestep: 18","[1. 0. 0. 0. 0. 0. 0. 0. 0. 0. 1. 0. 0. 0. 1. 0. 3. 1. 1. 2. 0. 0. 1. 0.
 1. 0. 0. 0.]","[ 1.  0.  0.  0.  0.  0.  0.  0.  0.  0.  0.  0.  0.  0.  0.  0.  0.  0.
  0.  3.  0.  0.  1.  1.  0.  0.  0.  0.  0.  0.  0. -1.  1.  1.  0.  0.
  0.  0.  0.  0.  1.  0.  1.  0.  1.  1.  0.  0.  1.  0.  1.  0.  0.  0.
  0.  0.  0.  0. -1.  1.  0.  0.  0.  0.  0.  0.  0.  0.  0.  0.  0.  0.
  0.  0.  0.  0.  0.  0.  0.  0.  0.  0.  0.  0.  0.  0.  0.  0.  0.  0.
  1.  1. -2.  1.  3.  1.]",0,0,0
"Players: ((3, 1) facing (0, -1) holding None, (1, 2) facing (1, 0) holding onion@(1, 2)), Objects: [], Bonus orders: [] All orders: [('onion',), ('onion', 'onion'), ('onion', 'onion', 'onion')] Timestep: 19","[1. 0. 0. 0. 0. 0. 0. 0. 0. 0. 1. 0. 0. 0. 1. 0. 3. 1. 1. 2. 0. 0. 1. 0.
 1. 0. 0. 0.]","[ 1.  0.  0.  0.  0.  0.  0.  0.  0.  0.  0.  0.  0.  0.  0.  0.  0.  0.
  0.  3.  0.  0.  1.  1.  0.  0.  0.  0.  0.  0.  0. -1.  1.  1.  0.  0.
  0.  0.  0.  0.  1.  0.  1.  0.  1.  1.  0.  0.  1.  0.  1.  0.  0.  0.
  0.  0.  0.  0. -1.  1.  0.  0.  0.  0.  0.  0.  0.  0.  0.  0.  0.  0.
  0.  0.  0.  0.  0.  0.  0.  0.  0.  0.  0.  0.  0.  0.  0.  0.  0.  0.
  1.  1. -2.  1.  3.  1.]",1,0,0
"Players: ((3, 2) facing (0, 1) holding None, (1, 2) facing (1, 0) holding onion@(1, 2)), Objects: [], Bonus orders: [] All orders: [('onion',), ('onion', 'onion'), ('onion', 'onion', 'onion')] Timestep: 20","[0. 1. 0. 0. 0. 0. 0. 0. 0. 0. 1. 0. 0. 0. 1. 0. 3. 2. 1. 2. 0. 0. 1. 0.
 1. 0. 0. 0.]","[ 0.  1.  0.  0.  0.  0.  0.  0.  0.  0.  0.  0.  0.  0.  0.  0.  0.  0.
  0.  2.  0.  0.  1.  1.  0.  0.  0.  0.  0.  0.  0. -2.  1.  1.  0.  0.
  0.  0.  0.  0.  1. -1.  0.  0.  1.  1.  0.  0.  1.  0.  1.  0.  0.  0.
  0.  0.  0.  0. -1.  1.  0.  0.  0.  0.  0.  0.  0.  0.  0.  0.  0.  0.
  0.  0.  0.  0.  0.  0.  0.  0.  0.  0.  0.  0.  0.  0.  0.  0.  0.  0.
  1.  1. -2.  0.  3.  2.]",1,0,0
"Players: ((3, 3) facing (0, 1) holding None, (1, 2) facing (1, 0) holding onion@(1, 2)), Objects: [], Bonus orders: [] All orders: [('onion',), ('onion', 'onion'), ('onion', 'onion', 'onion')] Timestep: 21","[0. 1. 0. 0. 0. 0. 0. 0. 0. 0. 1. 0. 0. 0. 1. 0. 3. 3. 1. 2. 0. 0. 1. 0.
 1. 0. 0. 0.]","[ 0.  1.  0.  0.  0.  0.  0.  0.  0.  0.  0.  0.  0.  0.  0.  0.  0.  0.
  0.  1.  0.  0.  1.  1.  0.  0.  0.  0.  0.  0.  0. -3.  1.  1.  0.  0.
  0.  0.  0.  0.  1. -2.  0.  1.  1.  1.  0.  0.  1.  0.  1.  0.  0.  0.
  0.  0.  0.  0. -1.  1.  0.  0.  0.  0.  0.  0.  0.  0.  0.  0.  0.  0.
  0.  0.  0.  0.  0.  0.  0.  0.  0.  0.  0.  0.  0.  0.  0.  0.  0.  0.
  1.  1. -2. -1.  3.  3.]",1,0,0
"Players: ((3, 3) facing (0, 1) holding None, (1, 2) facing (1, 0) holding onion@(1, 2)), Objects: [], Bonus orders: [] All orders: [('onion',), ('onion', 'onion'), ('onion', 'onion', 'onion')] Timestep: 22","[0. 1. 0. 0. 0. 0. 0. 0. 0. 0. 1. 0. 0. 0. 1. 0. 3. 3. 1. 2. 0. 0. 1. 0.
 1. 0. 0. 0.]","[ 0.  1.  0.  0.  0.  0.  0.  0.  0.  0.  0.  0.  0.  0.  0.  0.  0.  0.
  0.  1.  0.  0.  1.  1.  0.  0.  0.  0.  0.  0.  0. -3.  1.  1.  0.  0.
  0.  0.  0.  0.  1. -2.  0.  1.  1.  1.  0.  0.  1.  0.  1.  0.  0.  0.
  0.  0.  0.  0. -1.  1.  0.  0.  0.  0.  0.  0.  0.  0.  0.  0.  0.  0.
  0.  0.  0.  0.  0.  0.  0.  0.  0.  0.  0.  0.  0.  0.  0.  0.  0.  0.
  1.  1. -2. -1.  3.  3.]",1,0,0
"Players: ((3, 3) facing (0, 1) holding None, (1, 2) facing (1, 0) holding onion@(1, 2)), Objects: [], Bonus orders: [] All orders: [('onion',), ('onion', 'onion'), ('onion', 'onion', 'onion')] Timestep: 23","[0. 1. 0. 0. 0. 0. 0. 0. 0. 0. 1. 0. 0. 0. 1. 0. 3. 3. 1. 2. 0. 0. 1. 0.
 1. 0. 0. 0.]","[ 0.  1.  0.  0.  0.  0.  0.  0.  0.  0.  0.  0.  0.  0.  0.  0.  0.  0.
  0.  1.  0.  0.  1.  1.  0.  0.  0.  0.  0.  0.  0. -3.  1.  1.  0.  0.
  0.  0.  0.  0.  1. -2.  0.  1.  1.  1.  0.  0.  1.  0.  1.  0.  0.  0.
  0.  0.  0.  0. -1.  1.  0.  0.  0.  0.  0.  0.  0.  0.  0.  0.  0.  0.
  0.  0.  0.  0.  0.  0.  0.  0.  0.  0.  0.  0.  0.  0.  0.  0.  0.  0.
  1.  1. -2. -1.  3.  3.]",0,0,0
"Players: ((3, 2) facing (0, -1) holding None, (1, 2) facing (1, 0) holding onion@(1, 2)), Objects: [], Bonus orders: [] All orders: [('onion',), ('onion', 'onion'), ('onion', 'onion', 'onion')] Timestep: 24","[1. 0. 0. 0. 0. 0. 0. 0. 0. 0. 1. 0. 0. 0. 1. 0. 3. 2. 1. 2. 0. 0. 1. 0.
 1. 0. 0. 0.]","[ 1.  0.  0.  0.  0.  0.  0.  0.  0.  0.  0.  0.  0.  0.  0.  0.  0.  0.
  0.  2.  0.  0.  1.  1.  0.  0.  0.  0.  0.  0.  0. -2.  1.  1.  0.  0.
  0.  0.  0.  0.  1. -1.  0.  0.  1.  1.  0.  0.  1.  0.  1.  0.  0.  0.
  0.  0.  0.  0. -1.  1.  0.  0.  0.  0.  0.  0.  0.  0.  0.  0.  0.  0.
  0.  0.  0.  0.  0.  0.  0.  0.  0.  0.  0.  0.  0.  0.  0.  0.  0.  0.
  1.  1. -2.  0.  3.  2.]",0,0,0
"Players: ((3, 1) facing (0, -1) holding None, (1, 2) facing (1, 0) holding onion@(1, 2)), Objects: [], Bonus orders: [] All orders: [('onion',), ('onion', 'onion'), ('onion', 'onion', 'onion')] Timestep: 25","[1. 0. 0. 0. 0. 0. 0. 0. 0. 0. 1. 0. 0. 0. 1. 0. 3. 1. 1. 2. 0. 0. 1. 0.
 1. 0. 0. 0.]","[ 1.  0.  0.  0.  0.  0.  0.  0.  0.  0.  0.  0.  0.  0.  0.  0.  0.  0.
  0.  3.  0.  0.  1.  1.  0.  0.  0.  0.  0.  0.  0. -1.  1.  1.  0.  0.
  0.  0.  0.  0.  1.  0.  1.  0.  1.  1.  0.  0.  1.  0.  1.  0.  0.  0.
  0.  0.  0.  0. -1.  1.  0.  0.  0.  0.  0.  0.  0.  0.  0.  0.  0.  0.
  0.  0.  0.  0.  0.  0.  0.  0.  0.  0.  0.  0.  0.  0.  0.  0.  0.  0.
  1.  1. -2.  1.  3.  1.]",0,0,0
"Players: ((3, 1) facing (0, -1) holding None, (1, 2) facing (1, 0) holding onion@(1, 2)), Objects: [], Bonus orders: [] All orders: [('onion',), ('onion', 'onion'), ('onion', 'onion', 'onion')] Timestep: 26","[1. 0. 0. 0. 0. 0. 0. 0. 0. 0. 1. 0. 0. 0. 1. 0. 3. 1. 1. 2. 0. 0. 1. 0.
 1. 0. 0. 0.]","[ 1.  0.  0.  0.  0.  0.  0.  0.  0.  0.  0.  0.  0.  0.  0.  0.  0.  0.
  0.  3.  0.  0.  1.  1.  0.  0.  0.  0.  0.  0.  0. -1.  1.  1.  0.  0.
  0.  0.  0.  0.  1.  0.  1.  0.  1.  1.  0.  0.  1.  0.  1.  0.  0.  0.
  0.  0.  0.  0. -1.  1.  0.  0.  0.  0.  0.  0.  0.  0.  0.  0.  0.  0.
  0.  0.  0.  0.  0.  0.  0.  0.  0.  0.  0.  0.  0.  0.  0.  0.  0.  0.
  1.  1. -2.  1.  3.  1.]",0,0,0
"Players: ((3, 1) facing (0, -1) holding None, (1, 2) facing (1, 0) holding onion@(1, 2)), Objects: [], Bonus orders: [] All orders: [('onion',), ('onion', 'onion'), ('onion', 'onion', 'onion')] Timestep: 27","[1. 0. 0. 0. 0. 0. 0. 0. 0. 0. 1. 0. 0. 0. 1. 0. 3. 1. 1. 2. 0. 0. 1. 0.
 1. 0. 0. 0.]","[ 1.  0.  0.  0.  0.  0.  0.  0.  0.  0.  0.  0.  0.  0.  0.  0.  0.  0.
  0.  3.  0.  0.  1.  1.  0.  0.  0.  0.  0.  0.  0. -1.  1.  1.  0.  0.
  0.  0.  0.  0.  1.  0.  1.  0.  1.  1.  0.  0.  1.  0.  1.  0.  0.  0.
  0.  0.  0.  0. -1.  1.  0.  0.  0.  0.  0.  0.  0.  0.  0.  0.  0.  0.
  0.  0.  0.  0.  0.  0.  0.  0.  0.  0.  0.  0.  0.  0.  0.  0.  0.  0.
  1.  1. -2.  1.  3.  1.]",1,0,0
"Players: ((3, 2) facing (0, 1) holding None, (1, 2) facing (1, 0) holding onion@(1, 2)), Objects: [], Bonus orders: [] All orders: [('onion',), ('onion', 'onion'), ('onion', 'onion', 'onion')] Timestep: 28","[0. 1. 0. 0. 0. 0. 0. 0. 0. 0. 1. 0. 0. 0. 1. 0. 3. 2. 1. 2. 0. 0. 1. 0.
 1. 0. 0. 0.]","[ 0.  1.  0.  0.  0.  0.  0.  0.  0.  0.  0.  0.  0.  0.  0.  0.  0.  0.
  0.  2.  0.  0.  1.  1.  0.  0.  0.  0.  0.  0.  0. -2.  1.  1.  0.  0.
  0.  0.  0.  0.  1. -1.  0.  0.  1.  1.  0.  0.  1.  0.  1.  0.  0.  0.
  0.  0.  0.  0. -1.  1.  0.  0.  0.  0.  0.  0.  0.  0.  0.  0.  0.  0.
  0.  0.  0.  0.  0.  0.  0.  0.  0.  0.  0.  0.  0.  0.  0.  0.  0.  0.
  1.  1. -2.  0.  3.  2.]",1,0,0
"Players: ((3, 3) facing (0, 1) holding None, (1, 2) facing (1, 0) holding onion@(1, 2)), Objects: [], Bonus orders: [] All orders: [('onion',), ('onion', 'onion'), ('onion', 'onion', 'onion')] Timestep: 29","[0. 1. 0. 0. 0. 0. 0. 0. 0. 0. 1. 0. 0. 0. 1. 0. 3. 3. 1. 2. 0. 0. 1. 0.
 1. 0. 0. 0.]","[ 0.  1.  0.  0.  0.  0.  0.  0.  0.  0.  0.  0.  0.  0.  0.  0.  0.  0.
  0.  1.  0.  0.  1.  1.  0.  0.  0.  0.  0.  0.  0. -3.  1.  1.  0.  0.
  0.  0.  0.  0.  1. -2.  0.  1.  1.  1.  0.  0.  1.  0.  1.  0.  0.  0.
  0.  0.  0.  0. -1.  1.  0.  0.  0.  0.  0.  0.  0.  0.  0.  0.  0.  0.
  0.  0.  0.  0.  0.  0.  0.  0.  0.  0.  0.  0.  0.  0.  0.  0.  0.  0.
  1.  1. -2. -1.  3.  3.]",1,0,0
"Players: ((3, 3) facing (0, 1) holding None, (1, 2) facing (1, 0) holding onion@(1, 2)), Objects: [], Bonus orders: [] All orders: [('onion',), ('onion', 'onion'), ('onion', 'onion', 'onion')] Timestep: 30","[0. 1. 0. 0. 0. 0. 0. 0. 0. 0. 1. 0. 0. 0. 1. 0. 3. 3. 1. 2. 0. 0. 1. 0.
 1. 0. 0. 0.]","[ 0.  1.  0.  0.  0.  0.  0.  0.  0.  0.  0.  0.  0.  0.  0.  0.  0.  0.
  0.  1.  0.  0.  1.  1.  0.  0.  0.  0.  0.  0.  0. -3.  1.  1.  0.  0.
  0.  0.  0.  0.  1. -2.  0.  1.  1.  1.  0.  0.  1.  0.  1.  0.  0.  0.
  0.  0.  0.  0. -1.  1.  0.  0.  0.  0.  0.  0.  0.  0.  0.  0.  0.  0.
  0.  0.  0.  0.  0.  0.  0.  0.  0.  0.  0.  0.  0.  0.  0.  0.  0.  0.
  1.  1. -2. -1.  3.  3.]",0,0,0
"Players: ((3, 2) facing (0, -1) holding None, (1, 2) facing (1, 0) holding onion@(1, 2)), Objects: [], Bonus orders: [] All orders: [('onion',), ('onion', 'onion'), ('onion', 'onion', 'onion')] Timestep: 31","[1. 0. 0. 0. 0. 0. 0. 0. 0. 0. 1. 0. 0. 0. 1. 0. 3. 2. 1. 2. 0. 0. 1. 0.
 1. 0. 0. 0.]","[ 1.  0.  0.  0.  0.  0.  0.  0.  0.  0.  0.  0.  0.  0.  0.  0.  0.  0.
  0.  2.  0.  0.  1.  1.  0.  0.  0.  0.  0.  0.  0. -2.  1.  1.  0.  0.
  0.  0.  0.  0.  1. -1.  0.  0.  1.  1.  0.  0.  1.  0.  1.  0.  0.  0.
  0.  0.  0.  0. -1.  1.  0.  0.  0.  0.  0.  0.  0.  0.  0.  0.  0.  0.
  0.  0.  0.  0.  0.  0.  0.  0.  0.  0.  0.  0.  0.  0.  0.  0.  0.  0.
  1.  1. -2.  0.  3.  2.]",0,0,0
"Players: ((3, 1) facing (0, -1) holding None, (1, 2) facing (1, 0) holding onion@(1, 2)), Objects: [], Bonus orders: [] All orders: [('onion',), ('onion', 'onion'), ('onion', 'onion', 'onion')] Timestep: 32","[1. 0. 0. 0. 0. 0. 0. 0. 0. 0. 1. 0. 0. 0. 1. 0. 3. 1. 1. 2. 0. 0. 1. 0.
 1. 0. 0. 0.]","[ 1.  0.  0.  0.  0.  0.  0.  0.  0.  0.  0.  0.  0.  0.  0.  0.  0.  0.
  0.  3.  0.  0.  1.  1.  0.  0.  0.  0.  0.  0.  0. -1.  1.  1.  0.  0.
  0.  0.  0.  0.  1.  0.  1.  0.  1.  1.  0.  0.  1.  0.  1.  0.  0.  0.
  0.  0.  0.  0. -1.  1.  0.  0.  0.  0.  0.  0.  0.  0.  0.  0.  0.  0.
  0.  0.  0.  0.  0.  0.  0.  0.  0.  0.  0.  0.  0.  0.  0.  0.  0.  0.
  1.  1. -2.  1.  3.  1.]",0,0,0
"Players: ((3, 1) facing (0, -1) holding None, (1, 2) facing (1, 0) holding onion@(1, 2)), Objects: [], Bonus orders: [] All orders: [('onion',), ('onion', 'onion'), ('onion', 'onion', 'onion')] Timestep: 33","[1. 0. 0. 0. 0. 0. 0. 0. 0. 0. 1. 0. 0. 0. 1. 0. 3. 1. 1. 2. 0. 0. 1. 0.
 1. 0. 0. 0.]","[ 1.  0.  0.  0.  0.  0.  0.  0.  0.  0.  0.  0.  0.  0.  0.  0.  0.  0.
  0.  3.  0.  0.  1.  1.  0.  0.  0.  0.  0.  0.  0. -1.  1.  1.  0.  0.
  0.  0.  0.  0.  1.  0.  1.  0.  1.  1.  0.  0.  1.  0.  1.  0.  0.  0.
  0.  0.  0.  0. -1.  1.  0.  0.  0.  0.  0.  0.  0.  0.  0.  0.  0.  0.
  0.  0.  0.  0.  0.  0.  0.  0.  0.  0.  0.  0.  0.  0.  0.  0.  0.  0.
  1.  1. -2.  1.  3.  1.]",1,0,0
"Players: ((3, 2) facing (0, 1) holding None, (1, 2) facing (1, 0) holding onion@(1, 2)), Objects: [], Bonus orders: [] All orders: [('onion',), ('onion', 'onion'), ('onion', 'onion', 'onion')] Timestep: 34","[0. 1. 0. 0. 0. 0. 0. 0. 0. 0. 1. 0. 0. 0. 1. 0. 3. 2. 1. 2. 0. 0. 1. 0.
 1. 0. 0. 0.]","[ 0.  1.  0.  0.  0.  0.  0.  0.  0.  0.  0.  0.  0.  0.  0.  0.  0.  0.
  0.  2.  0.  0.  1.  1.  0.  0.  0.  0.  0.  0.  0. -2.  1.  1.  0.  0.
  0.  0.  0.  0.  1. -1.  0.  0.  1.  1.  0.  0.  1.  0.  1.  0.  0.  0.
  0.  0.  0.  0. -1.  1.  0.  0.  0.  0.  0.  0.  0.  0.  0.  0.  0.  0.
  0.  0.  0.  0.  0.  0.  0.  0.  0.  0.  0.  0.  0.  0.  0.  0.  0.  0.
  1.  1. -2.  0.  3.  2.]",1,0,0
"Players: ((3, 3) facing (0, 1) holding None, (1, 2) facing (1, 0) holding onion@(1, 2)), Objects: [], Bonus orders: [] All orders: [('onion',), ('onion', 'onion'), ('onion', 'onion', 'onion')] Timestep: 35","[0. 1. 0. 0. 0. 0. 0. 0. 0. 0. 1. 0. 0. 0. 1. 0. 3. 3. 1. 2. 0. 0. 1. 0.
 1. 0. 0. 0.]","[ 0.  1.  0.  0.  0.  0.  0.  0.  0.  0.  0.  0.  0.  0.  0.  0.  0.  0.
  0.  1.  0.  0.  1.  1.  0.  0.  0.  0.  0.  0.  0. -3.  1.  1.  0.  0.
  0.  0.  0.  0.  1. -2.  0.  1.  1.  1.  0.  0.  1.  0.  1.  0.  0.  0.
  0.  0.  0.  0. -1.  1.  0.  0.  0.  0.  0.  0.  0.  0.  0.  0.  0.  0.
  0.  0.  0.  0.  0.  0.  0.  0.  0.  0.  0.  0.  0.  0.  0.  0.  0.  0.
  1.  1. -2. -1.  3.  3.]",1,0,0
"Players: ((3, 3) facing (0, 1) holding None, (1, 2) facing (1, 0) holding onion@(1, 2)), Objects: [], Bonus orders: [] All orders: [('onion',), ('onion', 'onion'), ('onion', 'onion', 'onion')] Timestep: 36","[0. 1. 0. 0. 0. 0. 0. 0. 0. 0. 1. 0. 0. 0. 1. 0. 3. 3. 1. 2. 0. 0. 1. 0.
 1. 0. 0. 0.]","[ 0.  1.  0.  0.  0.  0.  0.  0.  0.  0.  0.  0.  0.  0.  0.  0.  0.  0.
  0.  1.  0.  0.  1.  1.  0.  0.  0.  0.  0.  0.  0. -3.  1.  1.  0.  0.
  0.  0.  0.  0.  1. -2.  0.  1.  1.  1.  0.  0.  1.  0.  1.  0.  0.  0.
  0.  0.  0.  0. -1.  1.  0.  0.  0.  0.  0.  0.  0.  0.  0.  0.  0.  0.
  0.  0.  0.  0.  0.  0.  0.  0.  0.  0.  0.  0.  0.  0.  0.  0.  0.  0.
  1.  1. -2. -1.  3.  3.]",4,0,0
"Players: ((3, 3) facing (0, 1) holding None, (1, 2) facing (1, 0) holding onion@(1, 2)), Objects: [], Bonus orders: [] All orders: [('onion',), ('onion', 'onion'), ('onion', 'onion', 'onion')] Timestep: 37","[0. 1. 0. 0. 0. 0. 0. 0. 0. 0. 1. 0. 0. 0. 1. 0. 3. 3. 1. 2. 0. 0. 1. 0.
 1. 0. 0. 0.]","[ 0.  1.  0.  0.  0.  0.  0.  0.  0.  0.  0.  0.  0.  0.  0.  0.  0.  0.
  0.  1.  0.  0.  1.  1.  0.  0.  0.  0.  0.  0.  0. -3.  1.  1.  0.  0.
  0.  0.  0.  0.  1. -2.  0.  1.  1.  1.  0.  0.  1.  0.  1.  0.  0.  0.
  0.  0.  0.  0. -1.  1.  0.  0.  0.  0.  0.  0.  0.  0.  0.  0.  0.  0.
  0.  0.  0.  0.  0.  0.  0.  0.  0.  0.  0.  0.  0.  0.  0.  0.  0.  0.
  1.  1. -2. -1.  3.  3.]",4,0,0
"Players: ((3, 3) facing (0, 1) holding None, (1, 2) facing (1, 0) holding onion@(1, 2)), Objects: [], Bonus orders: [] All orders: [('onion',), ('onion', 'onion'), ('onion', 'onion', 'onion')] Timestep: 38","[0. 1. 0. 0. 0. 0. 0. 0. 0. 0. 1. 0. 0. 0. 1. 0. 3. 3. 1. 2. 0. 0. 1. 0.
 1. 0. 0. 0.]","[ 0.  1.  0.  0.  0.  0.  0.  0.  0.  0.  0.  0.  0.  0.  0.  0.  0.  0.
  0.  1.  0.  0.  1.  1.  0.  0.  0.  0.  0.  0.  0. -3.  1.  1.  0.  0.
  0.  0.  0.  0.  1. -2.  0.  1.  1.  1.  0.  0.  1.  0.  1.  0.  0.  0.
  0.  0.  0.  0. -1.  1.  0.  0.  0.  0.  0.  0.  0.  0.  0.  0.  0.  0.
  0.  0.  0.  0.  0.  0.  0.  0.  0.  0.  0.  0.  0.  0.  0.  0.  0.  0.
  1.  1. -2. -1.  3.  3.]",4,0,0
"Players: ((3, 3) facing (0, 1) holding None, (1, 2) facing (1, 0) holding onion@(1, 2)), Objects: [], Bonus orders: [] All orders: [('onion',), ('onion', 'onion'), ('onion', 'onion', 'onion')] Timestep: 39","[0. 1. 0. 0. 0. 0. 0. 0. 0. 0. 1. 0. 0. 0. 1. 0. 3. 3. 1. 2. 0. 0. 1. 0.
 1. 0. 0. 0.]","[ 0.  1.  0.  0.  0.  0.  0.  0.  0.  0.  0.  0.  0.  0.  0.  0.  0.  0.
  0.  1.  0.  0.  1.  1.  0.  0.  0.  0.  0.  0.  0. -3.  1.  1.  0.  0.
  0.  0.  0.  0.  1. -2.  0.  1.  1.  1.  0.  0.  1.  0.  1.  0.  0.  0.
  0.  0.  0.  0. -1.  1.  0.  0.  0.  0.  0.  0.  0.  0.  0.  0.  0.  0.
  0.  0.  0.  0.  0.  0.  0.  0.  0.  0.  0.  0.  0.  0.  0.  0.  0.  0.
  1.  1. -2. -1.  3.  3.]",4,0,0
"Players: ((3, 3) facing (0, 1) holding None, (1, 2) facing (1, 0) holding onion@(1, 2)), Objects: [], Bonus orders: [] All orders: [('onion',), ('onion', 'onion'), ('onion', 'onion', 'onion')] Timestep: 40","[0. 1. 0. 0. 0. 0. 0. 0. 0. 0. 1. 0. 0. 0. 1. 0. 3. 3. 1. 2. 0. 0. 1. 0.
 1. 0. 0. 0.]","[ 0.  1.  0.  0.  0.  0.  0.  0.  0.  0.  0.  0.  0.  0.  0.  0.  0.  0.
  0.  1.  0.  0.  1.  1.  0.  0.  0.  0.  0.  0.  0. -3.  1.  1.  0.  0.
  0.  0.  0.  0.  1. -2.  0.  1.  1.  1.  0.  0.  1.  0.  1.  0.  0.  0.
  0.  0.  0.  0. -1.  1.  0.  0.  0.  0.  0.  0.  0.  0.  0.  0.  0.  0.
  0.  0.  0.  0.  0.  0.  0.  0.  0.  0.  0.  0.  0.  0.  0.  0.  0.  0.
  1.  1. -2. -1.  3.  3.]",4,0,0
"Players: ((3, 3) facing (0, 1) holding None, (1, 2) facing (1, 0) holding onion@(1, 2)), Objects: [], Bonus orders: [] All orders: [('onion',), ('onion', 'onion'), ('onion', 'onion', 'onion')] Timestep: 41","[0. 1. 0. 0. 0. 0. 0. 0. 0. 0. 1. 0. 0. 0. 1. 0. 3. 3. 1. 2. 0. 0. 1. 0.
 1. 0. 0. 0.]","[ 0.  1.  0.  0.  0.  0.  0.  0.  0.  0.  0.  0.  0.  0.  0.  0.  0.  0.
  0.  1.  0.  0.  1.  1.  0.  0.  0.  0.  0.  0.  0. -3.  1.  1.  0.  0.
  0.  0.  0.  0.  1. -2.  0.  1.  1.  1.  0.  0.  1.  0.  1.  0.  0.  0.
  0.  0.  0.  0. -1.  1.  0.  0.  0.  0.  0.  0.  0.  0.  0.  0.  0.  0.
  0.  0.  0.  0.  0.  0.  0.  0.  0.  0.  0.  0.  0.  0.  0.  0.  0.  0.
  1.  1. -2. -1.  3.  3.]",4,0,0
"Players: ((3, 3) facing (0, 1) holding None, (1, 2) facing (1, 0) holding onion@(1, 2)), Objects: [], Bonus orders: [] All orders: [('onion',), ('onion', 'onion'), ('onion', 'onion', 'onion')] Timestep: 42","[0. 1. 0. 0. 0. 0. 0. 0. 0. 0. 1. 0. 0. 0. 1. 0. 3. 3. 1. 2. 0. 0. 1. 0.
 1. 0. 0. 0.]","[ 0.  1.  0.  0.  0.  0.  0.  0.  0.  0.  0.  0.  0.  0.  0.  0.  0.  0.
  0.  1.  0.  0.  1.  1.  0.  0.  0.  0.  0.  0.  0. -3.  1.  1.  0.  0.
  0.  0.  0.  0.  1. -2.  0.  1.  1.  1.  0.  0.  1.  0.  1.  0.  0.  0.
  0.  0.  0.  0. -1.  1.  0.  0.  0.  0.  0.  0.  0.  0.  0.  0.  0.  0.
  0.  0.  0.  0.  0.  0.  0.  0.  0.  0.  0.  0.  0.  0.  0.  0.  0.  0.
  1.  1. -2. -1.  3.  3.]",4,0,0
"Players: ((3, 3) facing (0, 1) holding None, (1, 2) facing (1, 0) holding onion@(1, 2)), Objects: [], Bonus orders: [] All orders: [('onion',), ('onion', 'onion'), ('onion', 'onion', 'onion')] Timestep: 43","[0. 1. 0. 0. 0. 0. 0. 0. 0. 0. 1. 0. 0. 0. 1. 0. 3. 3. 1. 2. 0. 0. 1. 0.
 1. 0. 0. 0.]","[ 0.  1.  0.  0.  0.  0.  0.  0.  0.  0.  0.  0.  0.  0.  0.  0.  0.  0.
  0.  1.  0.  0.  1.  1.  0.  0.  0.  0.  0.  0.  0. -3.  1.  1.  0.  0.
  0.  0.  0.  0.  1. -2.  0.  1.  1.  1.  0.  0.  1.  0.  1.  0.  0.  0.
  0.  0.  0.  0. -1.  1.  0.  0.  0.  0.  0.  0.  0.  0.  0.  0.  0.  0.
  0.  0.  0.  0.  0.  0.  0.  0.  0.  0.  0.  0.  0.  0.  0.  0.  0.  0.
  1.  1. -2. -1.  3.  3.]",4,0,0
"Players: ((3, 3) facing (0, 1) holding None, (1, 2) facing (1, 0) holding onion@(1, 2)), Objects: [], Bonus orders: [] All orders: [('onion',), ('onion', 'onion'), ('onion', 'onion', 'onion')] Timestep: 44","[0. 1. 0. 0. 0. 0. 0. 0. 0. 0. 1. 0. 0. 0. 1. 0. 3. 3. 1. 2. 0. 0. 1. 0.
 1. 0. 0. 0.]","[ 0.  1.  0.  0.  0.  0.  0.  0.  0.  0.  0.  0.  0.  0.  0.  0.  0.  0.
  0.  1.  0.  0.  1.  1.  0.  0.  0.  0.  0.  0.  0. -3.  1.  1.  0.  0.
  0.  0.  0.  0.  1. -2.  0.  1.  1.  1.  0.  0.  1.  0.  1.  0.  0.  0.
  0.  0.  0.  0. -1.  1.  0.  0.  0.  0.  0.  0.  0.  0.  0.  0.  0.  0.
  0.  0.  0.  0.  0.  0.  0.  0.  0.  0.  0.  0.  0.  0.  0.  0.  0.  0.
  1.  1. -2. -1.  3.  3.]",4,0,0
"Players: ((3, 3) facing (0, 1) holding None, (1, 2) facing (1, 0) holding onion@(1, 2)), Objects: [], Bonus orders: [] All orders: [('onion',), ('onion', 'onion'), ('onion', 'onion', 'onion')] Timestep: 45","[0. 1. 0. 0. 0. 0. 0. 0. 0. 0. 1. 0. 0. 0. 1. 0. 3. 3. 1. 2. 0. 0. 1. 0.
 1. 0. 0. 0.]","[ 0.  1.  0.  0.  0.  0.  0.  0.  0.  0.  0.  0.  0.  0.  0.  0.  0.  0.
  0.  1.  0.  0.  1.  1.  0.  0.  0.  0.  0.  0.  0. -3.  1.  1.  0.  0.
  0.  0.  0.  0.  1. -2.  0.  1.  1.  1.  0.  0.  1.  0.  1.  0.  0.  0.
  0.  0.  0.  0. -1.  1.  0.  0.  0.  0.  0.  0.  0.  0.  0.  0.  0.  0.
  0.  0.  0.  0.  0.  0.  0.  0.  0.  0.  0.  0.  0.  0.  0.  0.  0.  0.
  1.  1. -2. -1.  3.  3.]",4,0,0
"Players: ((3, 3) facing (0, 1) holding None, (1, 2) facing (1, 0) holding onion@(1, 2)), Objects: [], Bonus orders: [] All orders: [('onion',), ('onion', 'onion'), ('onion', 'onion', 'onion')] Timestep: 46","[0. 1. 0. 0. 0. 0. 0. 0. 0. 0. 1. 0. 0. 0. 1. 0. 3. 3. 1. 2. 0. 0. 1. 0.
 1. 0. 0. 0.]","[ 0.  1.  0.  0.  0.  0.  0.  0.  0.  0.  0.  0.  0.  0.  0.  0.  0.  0.
  0.  1.  0.  0.  1.  1.  0.  0.  0.  0.  0.  0.  0. -3.  1.  1.  0.  0.
  0.  0.  0.  0.  1. -2.  0.  1.  1.  1.  0.  0.  1.  0.  1.  0.  0.  0.
  0.  0.  0.  0. -1.  1.  0.  0.  0.  0.  0.  0.  0.  0.  0.  0.  0.  0.
  0.  0.  0.  0.  0.  0.  0.  0.  0.  0.  0.  0.  0.  0.  0.  0.  0.  0.
  1.  1. -2. -1.  3.  3.]",4,0,0
"Players: ((3, 3) facing (0, 1) holding None, (1, 2) facing (1, 0) holding onion@(1, 2)), Objects: [], Bonus orders: [] All orders: [('onion',), ('onion', 'onion'), ('onion', 'onion', 'onion')] Timestep: 47","[0. 1. 0. 0. 0. 0. 0. 0. 0. 0. 1. 0. 0. 0. 1. 0. 3. 3. 1. 2. 0. 0. 1. 0.
 1. 0. 0. 0.]","[ 0.  1.  0.  0.  0.  0.  0.  0.  0.  0.  0.  0.  0.  0.  0.  0.  0.  0.
  0.  1.  0.  0.  1.  1.  0.  0.  0.  0.  0.  0.  0. -3.  1.  1.  0.  0.
  0.  0.  0.  0.  1. -2.  0.  1.  1.  1.  0.  0.  1.  0.  1.  0.  0.  0.
  0.  0.  0.  0. -1.  1.  0.  0.  0.  0.  0.  0.  0.  0.  0.  0.  0.  0.
  0.  0.  0.  0.  0.  0.  0.  0.  0.  0.  0.  0.  0.  0.  0.  0.  0.  0.
  1.  1. -2. -1.  3.  3.]",4,0,0
"Players: ((3, 3) facing (0, 1) holding None, (1, 2) facing (1, 0) holding onion@(1, 2)), Objects: [], Bonus orders: [] All orders: [('onion',), ('onion', 'onion'), ('onion', 'onion', 'onion')] Timestep: 48","[0. 1. 0. 0. 0. 0. 0. 0. 0. 0. 1. 0. 0. 0. 1. 0. 3. 3. 1. 2. 0. 0. 1. 0.
 1. 0. 0. 0.]","[ 0.  1.  0.  0.  0.  0.  0.  0.  0.  0.  0.  0.  0.  0.  0.  0.  0.  0.
  0.  1.  0.  0.  1.  1.  0.  0.  0.  0.  0.  0.  0. -3.  1.  1.  0.  0.
  0.  0.  0.  0.  1. -2.  0.  1.  1.  1.  0.  0.  1.  0.  1.  0.  0.  0.
  0.  0.  0.  0. -1.  1.  0.  0.  0.  0.  0.  0.  0.  0.  0.  0.  0.  0.
  0.  0.  0.  0.  0.  0.  0.  0.  0.  0.  0.  0.  0.  0.  0.  0.  0.  0.
  1.  1. -2. -1.  3.  3.]",4,0,0
"Players: ((3, 3) facing (0, 1) holding None, (1, 2) facing (1, 0) holding onion@(1, 2)), Objects: [], Bonus orders: [] All orders: [('onion',), ('onion', 'onion'), ('onion', 'onion', 'onion')] Timestep: 49","[0. 1. 0. 0. 0. 0. 0. 0. 0. 0. 1. 0. 0. 0. 1. 0. 3. 3. 1. 2. 0. 0. 1. 0.
 1. 0. 0. 0.]","[ 0.  1.  0.  0.  0.  0.  0.  0.  0.  0.  0.  0.  0.  0.  0.  0.  0.  0.
  0.  1.  0.  0.  1.  1.  0.  0.  0.  0.  0.  0.  0. -3.  1.  1.  0.  0.
  0.  0.  0.  0.  1. -2.  0.  1.  1.  1.  0.  0.  1.  0.  1.  0.  0.  0.
  0.  0.  0.  0. -1.  1.  0.  0.  0.  0.  0.  0.  0.  0.  0.  0.  0.  0.
  0.  0.  0.  0.  0.  0.  0.  0.  0.  0.  0.  0.  0.  0.  0.  0.  0.  0.
  1.  1. -2. -1.  3.  3.]",4,0,0
"Players: ((3, 3) facing (0, 1) holding None, (1, 2) facing (1, 0) holding onion@(1, 2)), Objects: [], Bonus orders: [] All orders: [('onion',), ('onion', 'onion'), ('onion', 'onion', 'onion')] Timestep: 50","[0. 1. 0. 0. 0. 0. 0. 0. 0. 0. 1. 0. 0. 0. 1. 0. 3. 3. 1. 2. 0. 0. 1. 0.
 1. 0. 0. 0.]","[ 0.  1.  0.  0.  0.  0.  0.  0.  0.  0.  0.  0.  0.  0.  0.  0.  0.  0.
  0.  1.  0.  0.  1.  1.  0.  0.  0.  0.  0.  0.  0. -3.  1.  1.  0.  0.
  0.  0.  0.  0.  1. -2.  0.  1.  1.  1.  0.  0.  1.  0.  1.  0.  0.  0.
  0.  0.  0.  0. -1.  1.  0.  0.  0.  0.  0.  0.  0.  0.  0.  0.  0.  0.
  0.  0.  0.  0.  0.  0.  0.  0.  0.  0.  0.  0.  0.  0.  0.  0.  0.  0.
  1.  1. -2. -1.  3.  3.]",4,0,0
"Players: ((3, 3) facing (0, 1) holding None, (1, 2) facing (1, 0) holding onion@(1, 2)), Objects: [], Bonus orders: [] All orders: [('onion',), ('onion', 'onion'), ('onion', 'onion', 'onion')] Timestep: 51","[0. 1. 0. 0. 0. 0. 0. 0. 0. 0. 1. 0. 0. 0. 1. 0. 3. 3. 1. 2. 0. 0. 1. 0.
 1. 0. 0. 0.]","[ 0.  1.  0.  0.  0.  0.  0.  0.  0.  0.  0.  0.  0.  0.  0.  0.  0.  0.
  0.  1.  0.  0.  1.  1.  0.  0.  0.  0.  0.  0.  0. -3.  1.  1.  0.  0.
  0.  0.  0.  0.  1. -2.  0.  1.  1.  1.  0.  0.  1.  0.  1.  0.  0.  0.
  0.  0.  0.  0. -1.  1.  0.  0.  0.  0.  0.  0.  0.  0.  0.  0.  0.  0.
  0.  0.  0.  0.  0.  0.  0.  0.  0.  0.  0.  0.  0.  0.  0.  0.  0.  0.
  1.  1. -2. -1.  3.  3.]",4,0,0
"Players: ((3, 3) facing (0, 1) holding None, (1, 2) facing (1, 0) holding onion@(1, 2)), Objects: [], Bonus orders: [] All orders: [('onion',), ('onion', 'onion'), ('onion', 'onion', 'onion')] Timestep: 52","[0. 1. 0. 0. 0. 0. 0. 0. 0. 0. 1. 0. 0. 0. 1. 0. 3. 3. 1. 2. 0. 0. 1. 0.
 1. 0. 0. 0.]","[ 0.  1.  0.  0.  0.  0.  0.  0.  0.  0.  0.  0.  0.  0.  0.  0.  0.  0.
  0.  1.  0.  0.  1.  1.  0.  0.  0.  0.  0.  0.  0. -3.  1.  1.  0.  0.
  0.  0.  0.  0.  1. -2.  0.  1.  1.  1.  0.  0.  1.  0.  1.  0.  0.  0.
  0.  0.  0.  0. -1.  1.  0.  0.  0.  0.  0.  0.  0.  0.  0.  0.  0.  0.
  0.  0.  0.  0.  0.  0.  0.  0.  0.  0.  0.  0.  0.  0.  0.  0.  0.  0.
  1.  1. -2. -1.  3.  3.]",4,0,0
"Players: ((3, 3) facing (0, 1) holding None, (1, 2) facing (1, 0) holding onion@(1, 2)), Objects: [], Bonus orders: [] All orders: [('onion',), ('onion', 'onion'), ('onion', 'onion', 'onion')] Timestep: 53","[0. 1. 0. 0. 0. 0. 0. 0. 0. 0. 1. 0. 0. 0. 1. 0. 3. 3. 1. 2. 0. 0. 1. 0.
 1. 0. 0. 0.]","[ 0.  1.  0.  0.  0.  0.  0.  0.  0.  0.  0.  0.  0.  0.  0.  0.  0.  0.
  0.  1.  0.  0.  1.  1.  0.  0.  0.  0.  0.  0.  0. -3.  1.  1.  0.  0.
  0.  0.  0.  0.  1. -2.  0.  1.  1.  1.  0.  0.  1.  0.  1.  0.  0.  0.
  0.  0.  0.  0. -1.  1.  0.  0.  0.  0.  0.  0.  0.  0.  0.  0.  0.  0.
  0.  0.  0.  0.  0.  0.  0.  0.  0.  0.  0.  0.  0.  0.  0.  0.  0.  0.
  1.  1. -2. -1.  3.  3.]",4,0,0
"Players: ((3, 3) facing (0, 1) holding None, (1, 2) facing (1, 0) holding onion@(1, 2)), Objects: [], Bonus orders: [] All orders: [('onion',), ('onion', 'onion'), ('onion', 'onion', 'onion')] Timestep: 54","[0. 1. 0. 0. 0. 0. 0. 0. 0. 0. 1. 0. 0. 0. 1. 0. 3. 3. 1. 2. 0. 0. 1. 0.
 1. 0. 0. 0.]","[ 0.  1.  0.  0.  0.  0.  0.  0.  0.  0.  0.  0.  0.  0.  0.  0.  0.  0.
  0.  1.  0.  0.  1.  1.  0.  0.  0.  0.  0.  0.  0. -3.  1.  1.  0.  0.
  0.  0.  0.  0.  1. -2.  0.  1.  1.  1.  0.  0.  1.  0.  1.  0.  0.  0.
  0.  0.  0.  0. -1.  1.  0.  0.  0.  0.  0.  0.  0.  0.  0.  0.  0.  0.
  0.  0.  0.  0.  0.  0.  0.  0.  0.  0.  0.  0.  0.  0.  0.  0.  0.  0.
  1.  1. -2. -1.  3.  3.]",4,0,0
"Players: ((3, 3) facing (0, 1) holding None, (1, 2) facing (1, 0) holding onion@(1, 2)), Objects: [], Bonus orders: [] All orders: [('onion',), ('onion', 'onion'), ('onion', 'onion', 'onion')] Timestep: 55","[0. 1. 0. 0. 0. 0. 0. 0. 0. 0. 1. 0. 0. 0. 1. 0. 3. 3. 1. 2. 0. 0. 1. 0.
 1. 0. 0. 0.]","[ 0.  1.  0.  0.  0.  0.  0.  0.  0.  0.  0.  0.  0.  0.  0.  0.  0.  0.
  0.  1.  0.  0.  1.  1.  0.  0.  0.  0.  0.  0.  0. -3.  1.  1.  0.  0.
  0.  0.  0.  0.  1. -2.  0.  1.  1.  1.  0.  0.  1.  0.  1.  0.  0.  0.
  0.  0.  0.  0. -1.  1.  0.  0.  0.  0.  0.  0.  0.  0.  0.  0.  0.  0.
  0.  0.  0.  0.  0.  0.  0.  0.  0.  0.  0.  0.  0.  0.  0.  0.  0.  0.
  1.  1. -2. -1.  3.  3.]",4,0,0
"Players: ((3, 3) facing (0, 1) holding None, (1, 2) facing (1, 0) holding onion@(1, 2)), Objects: [], Bonus orders: [] All orders: [('onion',), ('onion', 'onion'), ('onion', 'onion', 'onion')] Timestep: 56","[0. 1. 0. 0. 0. 0. 0. 0. 0. 0. 1. 0. 0. 0. 1. 0. 3. 3. 1. 2. 0. 0. 1. 0.
 1. 0. 0. 0.]","[ 0.  1.  0.  0.  0.  0.  0.  0.  0.  0.  0.  0.  0.  0.  0.  0.  0.  0.
  0.  1.  0.  0.  1.  1.  0.  0.  0.  0.  0.  0.  0. -3.  1.  1.  0.  0.
  0.  0.  0.  0.  1. -2.  0.  1.  1.  1.  0.  0.  1.  0.  1.  0.  0.  0.
  0.  0.  0.  0. -1.  1.  0.  0.  0.  0.  0.  0.  0.  0.  0.  0.  0.  0.
  0.  0.  0.  0.  0.  0.  0.  0.  0.  0.  0.  0.  0.  0.  0.  0.  0.  0.
  1.  1. -2. -1.  3.  3.]",4,0,0
"Players: ((3, 3) facing (0, 1) holding None, (1, 2) facing (1, 0) holding onion@(1, 2)), Objects: [], Bonus orders: [] All orders: [('onion',), ('onion', 'onion'), ('onion', 'onion', 'onion')] Timestep: 57","[0. 1. 0. 0. 0. 0. 0. 0. 0. 0. 1. 0. 0. 0. 1. 0. 3. 3. 1. 2. 0. 0. 1. 0.
 1. 0. 0. 0.]","[ 0.  1.  0.  0.  0.  0.  0.  0.  0.  0.  0.  0.  0.  0.  0.  0.  0.  0.
  0.  1.  0.  0.  1.  1.  0.  0.  0.  0.  0.  0.  0. -3.  1.  1.  0.  0.
  0.  0.  0.  0.  1. -2.  0.  1.  1.  1.  0.  0.  1.  0.  1.  0.  0.  0.
  0.  0.  0.  0. -1.  1.  0.  0.  0.  0.  0.  0.  0.  0.  0.  0.  0.  0.
  0.  0.  0.  0.  0.  0.  0.  0.  0.  0.  0.  0.  0.  0.  0.  0.  0.  0.
  1.  1. -2. -1.  3.  3.]",4,0,0
"Players: ((3, 3) facing (0, 1) holding None, (1, 2) facing (1, 0) holding onion@(1, 2)), Objects: [], Bonus orders: [] All orders: [('onion',), ('onion', 'onion'), ('onion', 'onion', 'onion')] Timestep: 58","[0. 1. 0. 0. 0. 0. 0. 0. 0. 0. 1. 0. 0. 0. 1. 0. 3. 3. 1. 2. 0. 0. 1. 0.
 1. 0. 0. 0.]","[ 0.  1.  0.  0.  0.  0.  0.  0.  0.  0.  0.  0.  0.  0.  0.  0.  0.  0.
  0.  1.  0.  0.  1.  1.  0.  0.  0.  0.  0.  0.  0. -3.  1.  1.  0.  0.
  0.  0.  0.  0.  1. -2.  0.  1.  1.  1.  0.  0.  1.  0.  1.  0.  0.  0.
  0.  0.  0.  0. -1.  1.  0.  0.  0.  0.  0.  0.  0.  0.  0.  0.  0.  0.
  0.  0.  0.  0.  0.  0.  0.  0.  0.  0.  0.  0.  0.  0.  0.  0.  0.  0.
  1.  1. -2. -1.  3.  3.]",4,0,0
"Players: ((3, 3) facing (0, 1) holding None, (1, 2) facing (1, 0) holding onion@(1, 2)), Objects: [], Bonus orders: [] All orders: [('onion',), ('onion', 'onion'), ('onion', 'onion', 'onion')] Timestep: 59","[0. 1. 0. 0. 0. 0. 0. 0. 0. 0. 1. 0. 0. 0. 1. 0. 3. 3. 1. 2. 0. 0. 1. 0.
 1. 0. 0. 0.]","[ 0.  1.  0.  0.  0.  0.  0.  0.  0.  0.  0.  0.  0.  0.  0.  0.  0.  0.
  0.  1.  0.  0.  1.  1.  0.  0.  0.  0.  0.  0.  0. -3.  1.  1.  0.  0.
  0.  0.  0.  0.  1. -2.  0.  1.  1.  1.  0.  0.  1.  0.  1.  0.  0.  0.
  0.  0.  0.  0. -1.  1.  0.  0.  0.  0.  0.  0.  0.  0.  0.  0.  0.  0.
  0.  0.  0.  0.  0.  0.  0.  0.  0.  0.  0.  0.  0.  0.  0.  0.  0.  0.
  1.  1. -2. -1.  3.  3.]",4,0,0
"Players: ((3, 3) facing (0, 1) holding None, (1, 2) facing (1, 0) holding onion@(1, 2)), Objects: [], Bonus orders: [] All orders: [('onion',), ('onion', 'onion'), ('onion', 'onion', 'onion')] Timestep: 60","[0. 1. 0. 0. 0. 0. 0. 0. 0. 0. 1. 0. 0. 0. 1. 0. 3. 3. 1. 2. 0. 0. 1. 0.
 1. 0. 0. 0.]","[ 0.  1.  0.  0.  0.  0.  0.  0.  0.  0.  0.  0.  0.  0.  0.  0.  0.  0.
  0.  1.  0.  0.  1.  1.  0.  0.  0.  0.  0.  0.  0. -3.  1.  1.  0.  0.
  0.  0.  0.  0.  1. -2.  0.  1.  1.  1.  0.  0.  1.  0.  1.  0.  0.  0.
  0.  0.  0.  0. -1.  1.  0.  0.  0.  0.  0.  0.  0.  0.  0.  0.  0.  0.
  0.  0.  0.  0.  0.  0.  0.  0.  0.  0.  0.  0.  0.  0.  0.  0.  0.  0.
  1.  1. -2. -1.  3.  3.]",4,0,0
"Players: ((3, 3) facing (0, 1) holding None, (1, 2) facing (1, 0) holding onion@(1, 2)), Objects: [], Bonus orders: [] All orders: [('onion',), ('onion', 'onion'), ('onion', 'onion', 'onion')] Timestep: 61","[0. 1. 0. 0. 0. 0. 0. 0. 0. 0. 1. 0. 0. 0. 1. 0. 3. 3. 1. 2. 0. 0. 1. 0.
 1. 0. 0. 0.]","[ 0.  1.  0.  0.  0.  0.  0.  0.  0.  0.  0.  0.  0.  0.  0.  0.  0.  0.
  0.  1.  0.  0.  1.  1.  0.  0.  0.  0.  0.  0.  0. -3.  1.  1.  0.  0.
  0.  0.  0.  0.  1. -2.  0.  1.  1.  1.  0.  0.  1.  0.  1.  0.  0.  0.
  0.  0.  0.  0. -1.  1.  0.  0.  0.  0.  0.  0.  0.  0.  0.  0.  0.  0.
  0.  0.  0.  0.  0.  0.  0.  0.  0.  0.  0.  0.  0.  0.  0.  0.  0.  0.
  1.  1. -2. -1.  3.  3.]",4,0,0
"Players: ((3, 3) facing (0, 1) holding None, (1, 2) facing (1, 0) holding onion@(1, 2)), Objects: [], Bonus orders: [] All orders: [('onion',), ('onion', 'onion'), ('onion', 'onion', 'onion')] Timestep: 62","[0. 1. 0. 0. 0. 0. 0. 0. 0. 0. 1. 0. 0. 0. 1. 0. 3. 3. 1. 2. 0. 0. 1. 0.
 1. 0. 0. 0.]","[ 0.  1.  0.  0.  0.  0.  0.  0.  0.  0.  0.  0.  0.  0.  0.  0.  0.  0.
  0.  1.  0.  0.  1.  1.  0.  0.  0.  0.  0.  0.  0. -3.  1.  1.  0.  0.
  0.  0.  0.  0.  1. -2.  0.  1.  1.  1.  0.  0.  1.  0.  1.  0.  0.  0.
  0.  0.  0.  0. -1.  1.  0.  0.  0.  0.  0.  0.  0.  0.  0.  0.  0.  0.
  0.  0.  0.  0.  0.  0.  0.  0.  0.  0.  0.  0.  0.  0.  0.  0.  0.  0.
  1.  1. -2. -1.  3.  3.]",4,0,0
"Players: ((3, 3) facing (0, 1) holding None, (1, 2) facing (1, 0) holding onion@(1, 2)), Objects: [], Bonus orders: [] All orders: [('onion',), ('onion', 'onion'), ('onion', 'onion', 'onion')] Timestep: 63","[0. 1. 0. 0. 0. 0. 0. 0. 0. 0. 1. 0. 0. 0. 1. 0. 3. 3. 1. 2. 0. 0. 1. 0.
 1. 0. 0. 0.]","[ 0.  1.  0.  0.  0.  0.  0.  0.  0.  0.  0.  0.  0.  0.  0.  0.  0.  0.
  0.  1.  0.  0.  1.  1.  0.  0.  0.  0.  0.  0.  0. -3.  1.  1.  0.  0.
  0.  0.  0.  0.  1. -2.  0.  1.  1.  1.  0.  0.  1.  0.  1.  0.  0.  0.
  0.  0.  0.  0. -1.  1.  0.  0.  0.  0.  0.  0.  0.  0.  0.  0.  0.  0.
  0.  0.  0.  0.  0.  0.  0.  0.  0.  0.  0.  0.  0.  0.  0.  0.  0.  0.
  1.  1. -2. -1.  3.  3.]",4,0,0
"Players: ((3, 3) facing (0, 1) holding None, (1, 2) facing (1, 0) holding onion@(1, 2)), Objects: [], Bonus orders: [] All orders: [('onion',), ('onion', 'onion'), ('onion', 'onion', 'onion')] Timestep: 64","[0. 1. 0. 0. 0. 0. 0. 0. 0. 0. 1. 0. 0. 0. 1. 0. 3. 3. 1. 2. 0. 0. 1. 0.
 1. 0. 0. 0.]","[ 0.  1.  0.  0.  0.  0.  0.  0.  0.  0.  0.  0.  0.  0.  0.  0.  0.  0.
  0.  1.  0.  0.  1.  1.  0.  0.  0.  0.  0.  0.  0. -3.  1.  1.  0.  0.
  0.  0.  0.  0.  1. -2.  0.  1.  1.  1.  0.  0.  1.  0.  1.  0.  0.  0.
  0.  0.  0.  0. -1.  1.  0.  0.  0.  0.  0.  0.  0.  0.  0.  0.  0.  0.
  0.  0.  0.  0.  0.  0.  0.  0.  0.  0.  0.  0.  0.  0.  0.  0.  0.  0.
  1.  1. -2. -1.  3.  3.]",4,0,0
"Players: ((3, 3) facing (0, 1) holding None, (1, 2) facing (1, 0) holding onion@(1, 2)), Objects: [], Bonus orders: [] All orders: [('onion',), ('onion', 'onion'), ('onion', 'onion', 'onion')] Timestep: 65","[0. 1. 0. 0. 0. 0. 0. 0. 0. 0. 1. 0. 0. 0. 1. 0. 3. 3. 1. 2. 0. 0. 1. 0.
 1. 0. 0. 0.]","[ 0.  1.  0.  0.  0.  0.  0.  0.  0.  0.  0.  0.  0.  0.  0.  0.  0.  0.
  0.  1.  0.  0.  1.  1.  0.  0.  0.  0.  0.  0.  0. -3.  1.  1.  0.  0.
  0.  0.  0.  0.  1. -2.  0.  1.  1.  1.  0.  0.  1.  0.  1.  0.  0.  0.
  0.  0.  0.  0. -1.  1.  0.  0.  0.  0.  0.  0.  0.  0.  0.  0.  0.  0.
  0.  0.  0.  0.  0.  0.  0.  0.  0.  0.  0.  0.  0.  0.  0.  0.  0.  0.
  1.  1. -2. -1.  3.  3.]",4,0,0
"Players: ((3, 3) facing (0, 1) holding None, (1, 2) facing (1, 0) holding onion@(1, 2)), Objects: [], Bonus orders: [] All orders: [('onion',), ('onion', 'onion'), ('onion', 'onion', 'onion')] Timestep: 66","[0. 1. 0. 0. 0. 0. 0. 0. 0. 0. 1. 0. 0. 0. 1. 0. 3. 3. 1. 2. 0. 0. 1. 0.
 1. 0. 0. 0.]","[ 0.  1.  0.  0.  0.  0.  0.  0.  0.  0.  0.  0.  0.  0.  0.  0.  0.  0.
  0.  1.  0.  0.  1.  1.  0.  0.  0.  0.  0.  0.  0. -3.  1.  1.  0.  0.
  0.  0.  0.  0.  1. -2.  0.  1.  1.  1.  0.  0.  1.  0.  1.  0.  0.  0.
  0.  0.  0.  0. -1.  1.  0.  0.  0.  0.  0.  0.  0.  0.  0.  0.  0.  0.
  0.  0.  0.  0.  0.  0.  0.  0.  0.  0.  0.  0.  0.  0.  0.  0.  0.  0.
  1.  1. -2. -1.  3.  3.]",4,0,0
"Players: ((3, 3) facing (0, 1) holding None, (1, 2) facing (1, 0) holding onion@(1, 2)), Objects: [], Bonus orders: [] All orders: [('onion',), ('onion', 'onion'), ('onion', 'onion', 'onion')] Timestep: 67","[0. 1. 0. 0. 0. 0. 0. 0. 0. 0. 1. 0. 0. 0. 1. 0. 3. 3. 1. 2. 0. 0. 1. 0.
 1. 0. 0. 0.]","[ 0.  1.  0.  0.  0.  0.  0.  0.  0.  0.  0.  0.  0.  0.  0.  0.  0.  0.
  0.  1.  0.  0.  1.  1.  0.  0.  0.  0.  0.  0.  0. -3.  1.  1.  0.  0.
  0.  0.  0.  0.  1. -2.  0.  1.  1.  1.  0.  0.  1.  0.  1.  0.  0.  0.
  0.  0.  0.  0. -1.  1.  0.  0.  0.  0.  0.  0.  0.  0.  0.  0.  0.  0.
  0.  0.  0.  0.  0.  0.  0.  0.  0.  0.  0.  0.  0.  0.  0.  0.  0.  0.
  1.  1. -2. -1.  3.  3.]",4,0,0
"Players: ((3, 3) facing (0, 1) holding None, (1, 2) facing (1, 0) holding onion@(1, 2)), Objects: [], Bonus orders: [] All orders: [('onion',), ('onion', 'onion'), ('onion', 'onion', 'onion')] Timestep: 68","[0. 1. 0. 0. 0. 0. 0. 0. 0. 0. 1. 0. 0. 0. 1. 0. 3. 3. 1. 2. 0. 0. 1. 0.
 1. 0. 0. 0.]","[ 0.  1.  0.  0.  0.  0.  0.  0.  0.  0.  0.  0.  0.  0.  0.  0.  0.  0.
  0.  1.  0.  0.  1.  1.  0.  0.  0.  0.  0.  0.  0. -3.  1.  1.  0.  0.
  0.  0.  0.  0.  1. -2.  0.  1.  1.  1.  0.  0.  1.  0.  1.  0.  0.  0.
  0.  0.  0.  0. -1.  1.  0.  0.  0.  0.  0.  0.  0.  0.  0.  0.  0.  0.
  0.  0.  0.  0.  0.  0.  0.  0.  0.  0.  0.  0.  0.  0.  0.  0.  0.  0.
  1.  1. -2. -1.  3.  3.]",4,0,0
"Players: ((3, 3) facing (0, 1) holding None, (1, 2) facing (1, 0) holding onion@(1, 2)), Objects: [], Bonus orders: [] All orders: [('onion',), ('onion', 'onion'), ('onion', 'onion', 'onion')] Timestep: 69","[0. 1. 0. 0. 0. 0. 0. 0. 0. 0. 1. 0. 0. 0. 1. 0. 3. 3. 1. 2. 0. 0. 1. 0.
 1. 0. 0. 0.]","[ 0.  1.  0.  0.  0.  0.  0.  0.  0.  0.  0.  0.  0.  0.  0.  0.  0.  0.
  0.  1.  0.  0.  1.  1.  0.  0.  0.  0.  0.  0.  0. -3.  1.  1.  0.  0.
  0.  0.  0.  0.  1. -2.  0.  1.  1.  1.  0.  0.  1.  0.  1.  0.  0.  0.
  0.  0.  0.  0. -1.  1.  0.  0.  0.  0.  0.  0.  0.  0.  0.  0.  0.  0.
  0.  0.  0.  0.  0.  0.  0.  0.  0.  0.  0.  0.  0.  0.  0.  0.  0.  0.
  1.  1. -2. -1.  3.  3.]",4,0,0
"Players: ((3, 3) facing (0, 1) holding None, (1, 2) facing (1, 0) holding onion@(1, 2)), Objects: [], Bonus orders: [] All orders: [('onion',), ('onion', 'onion'), ('onion', 'onion', 'onion')] Timestep: 70","[0. 1. 0. 0. 0. 0. 0. 0. 0. 0. 1. 0. 0. 0. 1. 0. 3. 3. 1. 2. 0. 0. 1. 0.
 1. 0. 0. 0.]","[ 0.  1.  0.  0.  0.  0.  0.  0.  0.  0.  0.  0.  0.  0.  0.  0.  0.  0.
  0.  1.  0.  0.  1.  1.  0.  0.  0.  0.  0.  0.  0. -3.  1.  1.  0.  0.
  0.  0.  0.  0.  1. -2.  0.  1.  1.  1.  0.  0.  1.  0.  1.  0.  0.  0.
  0.  0.  0.  0. -1.  1.  0.  0.  0.  0.  0.  0.  0.  0.  0.  0.  0.  0.
  0.  0.  0.  0.  0.  0.  0.  0.  0.  0.  0.  0.  0.  0.  0.  0.  0.  0.
  1.  1. -2. -1.  3.  3.]",4,0,0
"Players: ((3, 3) facing (0, 1) holding None, (1, 2) facing (1, 0) holding onion@(1, 2)), Objects: [], Bonus orders: [] All orders: [('onion',), ('onion', 'onion'), ('onion', 'onion', 'onion')] Timestep: 71","[0. 1. 0. 0. 0. 0. 0. 0. 0. 0. 1. 0. 0. 0. 1. 0. 3. 3. 1. 2. 0. 0. 1. 0.
 1. 0. 0. 0.]","[ 0.  1.  0.  0.  0.  0.  0.  0.  0.  0.  0.  0.  0.  0.  0.  0.  0.  0.
  0.  1.  0.  0.  1.  1.  0.  0.  0.  0.  0.  0.  0. -3.  1.  1.  0.  0.
  0.  0.  0.  0.  1. -2.  0.  1.  1.  1.  0.  0.  1.  0.  1.  0.  0.  0.
  0.  0.  0.  0. -1.  1.  0.  0.  0.  0.  0.  0.  0.  0.  0.  0.  0.  0.
  0.  0.  0.  0.  0.  0.  0.  0.  0.  0.  0.  0.  0.  0.  0.  0.  0.  0.
  1.  1. -2. -1.  3.  3.]",4,0,0
"Players: ((3, 3) facing (0, 1) holding None, (1, 2) facing (1, 0) holding onion@(1, 2)), Objects: [], Bonus orders: [] All orders: [('onion',), ('onion', 'onion'), ('onion', 'onion', 'onion')] Timestep: 72","[0. 1. 0. 0. 0. 0. 0. 0. 0. 0. 1. 0. 0. 0. 1. 0. 3. 3. 1. 2. 0. 0. 1. 0.
 1. 0. 0. 0.]","[ 0.  1.  0.  0.  0.  0.  0.  0.  0.  0.  0.  0.  0.  0.  0.  0.  0.  0.
  0.  1.  0.  0.  1.  1.  0.  0.  0.  0.  0.  0.  0. -3.  1.  1.  0.  0.
  0.  0.  0.  0.  1. -2.  0.  1.  1.  1.  0.  0.  1.  0.  1.  0.  0.  0.
  0.  0.  0.  0. -1.  1.  0.  0.  0.  0.  0.  0.  0.  0.  0.  0.  0.  0.
  0.  0.  0.  0.  0.  0.  0.  0.  0.  0.  0.  0.  0.  0.  0.  0.  0.  0.
  1.  1. -2. -1.  3.  3.]",4,0,0
"Players: ((3, 3) facing (0, 1) holding None, (1, 2) facing (1, 0) holding onion@(1, 2)), Objects: [], Bonus orders: [] All orders: [('onion',), ('onion', 'onion'), ('onion', 'onion', 'onion')] Timestep: 73","[0. 1. 0. 0. 0. 0. 0. 0. 0. 0. 1. 0. 0. 0. 1. 0. 3. 3. 1. 2. 0. 0. 1. 0.
 1. 0. 0. 0.]","[ 0.  1.  0.  0.  0.  0.  0.  0.  0.  0.  0.  0.  0.  0.  0.  0.  0.  0.
  0.  1.  0.  0.  1.  1.  0.  0.  0.  0.  0.  0.  0. -3.  1.  1.  0.  0.
  0.  0.  0.  0.  1. -2.  0.  1.  1.  1.  0.  0.  1.  0.  1.  0.  0.  0.
  0.  0.  0.  0. -1.  1.  0.  0.  0.  0.  0.  0.  0.  0.  0.  0.  0.  0.
  0.  0.  0.  0.  0.  0.  0.  0.  0.  0.  0.  0.  0.  0.  0.  0.  0.  0.
  1.  1. -2. -1.  3.  3.]",4,0,0
"Players: ((3, 3) facing (0, 1) holding None, (1, 2) facing (1, 0) holding onion@(1, 2)), Objects: [], Bonus orders: [] All orders: [('onion',), ('onion', 'onion'), ('onion', 'onion', 'onion')] Timestep: 74","[0. 1. 0. 0. 0. 0. 0. 0. 0. 0. 1. 0. 0. 0. 1. 0. 3. 3. 1. 2. 0. 0. 1. 0.
 1. 0. 0. 0.]","[ 0.  1.  0.  0.  0.  0.  0.  0.  0.  0.  0.  0.  0.  0.  0.  0.  0.  0.
  0.  1.  0.  0.  1.  1.  0.  0.  0.  0.  0.  0.  0. -3.  1.  1.  0.  0.
  0.  0.  0.  0.  1. -2.  0.  1.  1.  1.  0.  0.  1.  0.  1.  0.  0.  0.
  0.  0.  0.  0. -1.  1.  0.  0.  0.  0.  0.  0.  0.  0.  0.  0.  0.  0.
  0.  0.  0.  0.  0.  0.  0.  0.  0.  0.  0.  0.  0.  0.  0.  0.  0.  0.
  1.  1. -2. -1.  3.  3.]",4,0,0
"Players: ((3, 3) facing (0, 1) holding None, (1, 2) facing (1, 0) holding onion@(1, 2)), Objects: [], Bonus orders: [] All orders: [('onion',), ('onion', 'onion'), ('onion', 'onion', 'onion')] Timestep: 75","[0. 1. 0. 0. 0. 0. 0. 0. 0. 0. 1. 0. 0. 0. 1. 0. 3. 3. 1. 2. 0. 0. 1. 0.
 1. 0. 0. 0.]","[ 0.  1.  0.  0.  0.  0.  0.  0.  0.  0.  0.  0.  0.  0.  0.  0.  0.  0.
  0.  1.  0.  0.  1.  1.  0.  0.  0.  0.  0.  0.  0. -3.  1.  1.  0.  0.
  0.  0.  0.  0.  1. -2.  0.  1.  1.  1.  0.  0.  1.  0.  1.  0.  0.  0.
  0.  0.  0.  0. -1.  1.  0.  0.  0.  0.  0.  0.  0.  0.  0.  0.  0.  0.
  0.  0.  0.  0.  0.  0.  0.  0.  0.  0.  0.  0.  0.  0.  0.  0.  0.  0.
  1.  1. -2. -1.  3.  3.]",4,0,0
"Players: ((3, 3) facing (0, 1) holding None, (1, 2) facing (1, 0) holding onion@(1, 2)), Objects: [], Bonus orders: [] All orders: [('onion',), ('onion', 'onion'), ('onion', 'onion', 'onion')] Timestep: 76","[0. 1. 0. 0. 0. 0. 0. 0. 0. 0. 1. 0. 0. 0. 1. 0. 3. 3. 1. 2. 0. 0. 1. 0.
 1. 0. 0. 0.]","[ 0.  1.  0.  0.  0.  0.  0.  0.  0.  0.  0.  0.  0.  0.  0.  0.  0.  0.
  0.  1.  0.  0.  1.  1.  0.  0.  0.  0.  0.  0.  0. -3.  1.  1.  0.  0.
  0.  0.  0.  0.  1. -2.  0.  1.  1.  1.  0.  0.  1.  0.  1.  0.  0.  0.
  0.  0.  0.  0. -1.  1.  0.  0.  0.  0.  0.  0.  0.  0.  0.  0.  0.  0.
  0.  0.  0.  0.  0.  0.  0.  0.  0.  0.  0.  0.  0.  0.  0.  0.  0.  0.
  1.  1. -2. -1.  3.  3.]",4,0,0
"Players: ((3, 3) facing (0, 1) holding None, (1, 2) facing (1, 0) holding onion@(1, 2)), Objects: [], Bonus orders: [] All orders: [('onion',), ('onion', 'onion'), ('onion', 'onion', 'onion')] Timestep: 77","[0. 1. 0. 0. 0. 0. 0. 0. 0. 0. 1. 0. 0. 0. 1. 0. 3. 3. 1. 2. 0. 0. 1. 0.
 1. 0. 0. 0.]","[ 0.  1.  0.  0.  0.  0.  0.  0.  0.  0.  0.  0.  0.  0.  0.  0.  0.  0.
  0.  1.  0.  0.  1.  1.  0.  0.  0.  0.  0.  0.  0. -3.  1.  1.  0.  0.
  0.  0.  0.  0.  1. -2.  0.  1.  1.  1.  0.  0.  1.  0.  1.  0.  0.  0.
  0.  0.  0.  0. -1.  1.  0.  0.  0.  0.  0.  0.  0.  0.  0.  0.  0.  0.
  0.  0.  0.  0.  0.  0.  0.  0.  0.  0.  0.  0.  0.  0.  0.  0.  0.  0.
  1.  1. -2. -1.  3.  3.]",4,0,0
"Players: ((3, 3) facing (0, 1) holding None, (1, 2) facing (1, 0) holding onion@(1, 2)), Objects: [], Bonus orders: [] All orders: [('onion',), ('onion', 'onion'), ('onion', 'onion', 'onion')] Timestep: 78","[0. 1. 0. 0. 0. 0. 0. 0. 0. 0. 1. 0. 0. 0. 1. 0. 3. 3. 1. 2. 0. 0. 1. 0.
 1. 0. 0. 0.]","[ 0.  1.  0.  0.  0.  0.  0.  0.  0.  0.  0.  0.  0.  0.  0.  0.  0.  0.
  0.  1.  0.  0.  1.  1.  0.  0.  0.  0.  0.  0.  0. -3.  1.  1.  0.  0.
  0.  0.  0.  0.  1. -2.  0.  1.  1.  1.  0.  0.  1.  0.  1.  0.  0.  0.
  0.  0.  0.  0. -1.  1.  0.  0.  0.  0.  0.  0.  0.  0.  0.  0.  0.  0.
  0.  0.  0.  0.  0.  0.  0.  0.  0.  0.  0.  0.  0.  0.  0.  0.  0.  0.
  1.  1. -2. -1.  3.  3.]",4,0,0
"Players: ((3, 3) facing (0, 1) holding None, (1, 2) facing (1, 0) holding onion@(1, 2)), Objects: [], Bonus orders: [] All orders: [('onion',), ('onion', 'onion'), ('onion', 'onion', 'onion')] Timestep: 79","[0. 1. 0. 0. 0. 0. 0. 0. 0. 0. 1. 0. 0. 0. 1. 0. 3. 3. 1. 2. 0. 0. 1. 0.
 1. 0. 0. 0.]","[ 0.  1.  0.  0.  0.  0.  0.  0.  0.  0.  0.  0.  0.  0.  0.  0.  0.  0.
  0.  1.  0.  0.  1.  1.  0.  0.  0.  0.  0.  0.  0. -3.  1.  1.  0.  0.
  0.  0.  0.  0.  1. -2.  0.  1.  1.  1.  0.  0.  1.  0.  1.  0.  0.  0.
  0.  0.  0.  0. -1.  1.  0.  0.  0.  0.  0.  0.  0.  0.  0.  0.  0.  0.
  0.  0.  0.  0.  0.  0.  0.  0.  0.  0.  0.  0.  0.  0.  0.  0.  0.  0.
  1.  1. -2. -1.  3.  3.]",4,0,0
"Players: ((3, 3) facing (0, 1) holding None, (1, 2) facing (1, 0) holding onion@(1, 2)), Objects: [], Bonus orders: [] All orders: [('onion',), ('onion', 'onion'), ('onion', 'onion', 'onion')] Timestep: 80","[0. 1. 0. 0. 0. 0. 0. 0. 0. 0. 1. 0. 0. 0. 1. 0. 3. 3. 1. 2. 0. 0. 1. 0.
 1. 0. 0. 0.]","[ 0.  1.  0.  0.  0.  0.  0.  0.  0.  0.  0.  0.  0.  0.  0.  0.  0.  0.
  0.  1.  0.  0.  1.  1.  0.  0.  0.  0.  0.  0.  0. -3.  1.  1.  0.  0.
  0.  0.  0.  0.  1. -2.  0.  1.  1.  1.  0.  0.  1.  0.  1.  0.  0.  0.
  0.  0.  0.  0. -1.  1.  0.  0.  0.  0.  0.  0.  0.  0.  0.  0.  0.  0.
  0.  0.  0.  0.  0.  0.  0.  0.  0.  0.  0.  0.  0.  0.  0.  0.  0.  0.
  1.  1. -2. -1.  3.  3.]",4,0,0
"Players: ((3, 3) facing (0, 1) holding None, (1, 2) facing (1, 0) holding onion@(1, 2)), Objects: [], Bonus orders: [] All orders: [('onion',), ('onion', 'onion'), ('onion', 'onion', 'onion')] Timestep: 81","[0. 1. 0. 0. 0. 0. 0. 0. 0. 0. 1. 0. 0. 0. 1. 0. 3. 3. 1. 2. 0. 0. 1. 0.
 1. 0. 0. 0.]","[ 0.  1.  0.  0.  0.  0.  0.  0.  0.  0.  0.  0.  0.  0.  0.  0.  0.  0.
  0.  1.  0.  0.  1.  1.  0.  0.  0.  0.  0.  0.  0. -3.  1.  1.  0.  0.
  0.  0.  0.  0.  1. -2.  0.  1.  1.  1.  0.  0.  1.  0.  1.  0.  0.  0.
  0.  0.  0.  0. -1.  1.  0.  0.  0.  0.  0.  0.  0.  0.  0.  0.  0.  0.
  0.  0.  0.  0.  0.  0.  0.  0.  0.  0.  0.  0.  0.  0.  0.  0.  0.  0.
  1.  1. -2. -1.  3.  3.]",4,0,0
"Players: ((3, 3) facing (0, 1) holding None, (1, 2) facing (1, 0) holding onion@(1, 2)), Objects: [], Bonus orders: [] All orders: [('onion',), ('onion', 'onion'), ('onion', 'onion', 'onion')] Timestep: 82","[0. 1. 0. 0. 0. 0. 0. 0. 0. 0. 1. 0. 0. 0. 1. 0. 3. 3. 1. 2. 0. 0. 1. 0.
 1. 0. 0. 0.]","[ 0.  1.  0.  0.  0.  0.  0.  0.  0.  0.  0.  0.  0.  0.  0.  0.  0.  0.
  0.  1.  0.  0.  1.  1.  0.  0.  0.  0.  0.  0.  0. -3.  1.  1.  0.  0.
  0.  0.  0.  0.  1. -2.  0.  1.  1.  1.  0.  0.  1.  0.  1.  0.  0.  0.
  0.  0.  0.  0. -1.  1.  0.  0.  0.  0.  0.  0.  0.  0.  0.  0.  0.  0.
  0.  0.  0.  0.  0.  0.  0.  0.  0.  0.  0.  0.  0.  0.  0.  0.  0.  0.
  1.  1. -2. -1.  3.  3.]",4,0,0
"Players: ((3, 3) facing (0, 1) holding None, (1, 2) facing (1, 0) holding onion@(1, 2)), Objects: [], Bonus orders: [] All orders: [('onion',), ('onion', 'onion'), ('onion', 'onion', 'onion')] Timestep: 83","[0. 1. 0. 0. 0. 0. 0. 0. 0. 0. 1. 0. 0. 0. 1. 0. 3. 3. 1. 2. 0. 0. 1. 0.
 1. 0. 0. 0.]","[ 0.  1.  0.  0.  0.  0.  0.  0.  0.  0.  0.  0.  0.  0.  0.  0.  0.  0.
  0.  1.  0.  0.  1.  1.  0.  0.  0.  0.  0.  0.  0. -3.  1.  1.  0.  0.
  0.  0.  0.  0.  1. -2.  0.  1.  1.  1.  0.  0.  1.  0.  1.  0.  0.  0.
  0.  0.  0.  0. -1.  1.  0.  0.  0.  0.  0.  0.  0.  0.  0.  0.  0.  0.
  0.  0.  0.  0.  0.  0.  0.  0.  0.  0.  0.  0.  0.  0.  0.  0.  0.  0.
  1.  1. -2. -1.  3.  3.]",4,0,0
"Players: ((3, 3) facing (0, 1) holding None, (1, 2) facing (1, 0) holding onion@(1, 2)), Objects: [], Bonus orders: [] All orders: [('onion',), ('onion', 'onion'), ('onion', 'onion', 'onion')] Timestep: 84","[0. 1. 0. 0. 0. 0. 0. 0. 0. 0. 1. 0. 0. 0. 1. 0. 3. 3. 1. 2. 0. 0. 1. 0.
 1. 0. 0. 0.]","[ 0.  1.  0.  0.  0.  0.  0.  0.  0.  0.  0.  0.  0.  0.  0.  0.  0.  0.
  0.  1.  0.  0.  1.  1.  0.  0.  0.  0.  0.  0.  0. -3.  1.  1.  0.  0.
  0.  0.  0.  0.  1. -2.  0.  1.  1.  1.  0.  0.  1.  0.  1.  0.  0.  0.
  0.  0.  0.  0. -1.  1.  0.  0.  0.  0.  0.  0.  0.  0.  0.  0.  0.  0.
  0.  0.  0.  0.  0.  0.  0.  0.  0.  0.  0.  0.  0.  0.  0.  0.  0.  0.
  1.  1. -2. -1.  3.  3.]",4,0,0
"Players: ((3, 3) facing (0, 1) holding None, (1, 2) facing (1, 0) holding onion@(1, 2)), Objects: [], Bonus orders: [] All orders: [('onion',), ('onion', 'onion'), ('onion', 'onion', 'onion')] Timestep: 85","[0. 1. 0. 0. 0. 0. 0. 0. 0. 0. 1. 0. 0. 0. 1. 0. 3. 3. 1. 2. 0. 0. 1. 0.
 1. 0. 0. 0.]","[ 0.  1.  0.  0.  0.  0.  0.  0.  0.  0.  0.  0.  0.  0.  0.  0.  0.  0.
  0.  1.  0.  0.  1.  1.  0.  0.  0.  0.  0.  0.  0. -3.  1.  1.  0.  0.
  0.  0.  0.  0.  1. -2.  0.  1.  1.  1.  0.  0.  1.  0.  1.  0.  0.  0.
  0.  0.  0.  0. -1.  1.  0.  0.  0.  0.  0.  0.  0.  0.  0.  0.  0.  0.
  0.  0.  0.  0.  0.  0.  0.  0.  0.  0.  0.  0.  0.  0.  0.  0.  0.  0.
  1.  1. -2. -1.  3.  3.]",4,0,0
"Players: ((3, 3) facing (0, 1) holding None, (1, 2) facing (1, 0) holding onion@(1, 2)), Objects: [], Bonus orders: [] All orders: [('onion',), ('onion', 'onion'), ('onion', 'onion', 'onion')] Timestep: 86","[0. 1. 0. 0. 0. 0. 0. 0. 0. 0. 1. 0. 0. 0. 1. 0. 3. 3. 1. 2. 0. 0. 1. 0.
 1. 0. 0. 0.]","[ 0.  1.  0.  0.  0.  0.  0.  0.  0.  0.  0.  0.  0.  0.  0.  0.  0.  0.
  0.  1.  0.  0.  1.  1.  0.  0.  0.  0.  0.  0.  0. -3.  1.  1.  0.  0.
  0.  0.  0.  0.  1. -2.  0.  1.  1.  1.  0.  0.  1.  0.  1.  0.  0.  0.
  0.  0.  0.  0. -1.  1.  0.  0.  0.  0.  0.  0.  0.  0.  0.  0.  0.  0.
  0.  0.  0.  0.  0.  0.  0.  0.  0.  0.  0.  0.  0.  0.  0.  0.  0.  0.
  1.  1. -2. -1.  3.  3.]",4,0,0
"Players: ((3, 3) facing (0, 1) holding None, (1, 2) facing (1, 0) holding onion@(1, 2)), Objects: [], Bonus orders: [] All orders: [('onion',), ('onion', 'onion'), ('onion', 'onion', 'onion')] Timestep: 87","[0. 1. 0. 0. 0. 0. 0. 0. 0. 0. 1. 0. 0. 0. 1. 0. 3. 3. 1. 2. 0. 0. 1. 0.
 1. 0. 0. 0.]","[ 0.  1.  0.  0.  0.  0.  0.  0.  0.  0.  0.  0.  0.  0.  0.  0.  0.  0.
  0.  1.  0.  0.  1.  1.  0.  0.  0.  0.  0.  0.  0. -3.  1.  1.  0.  0.
  0.  0.  0.  0.  1. -2.  0.  1.  1.  1.  0.  0.  1.  0.  1.  0.  0.  0.
  0.  0.  0.  0. -1.  1.  0.  0.  0.  0.  0.  0.  0.  0.  0.  0.  0.  0.
  0.  0.  0.  0.  0.  0.  0.  0.  0.  0.  0.  0.  0.  0.  0.  0.  0.  0.
  1.  1. -2. -1.  3.  3.]",4,0,0
"Players: ((3, 3) facing (0, 1) holding None, (1, 2) facing (1, 0) holding onion@(1, 2)), Objects: [], Bonus orders: [] All orders: [('onion',), ('onion', 'onion'), ('onion', 'onion', 'onion')] Timestep: 88","[0. 1. 0. 0. 0. 0. 0. 0. 0. 0. 1. 0. 0. 0. 1. 0. 3. 3. 1. 2. 0. 0. 1. 0.
 1. 0. 0. 0.]","[ 0.  1.  0.  0.  0.  0.  0.  0.  0.  0.  0.  0.  0.  0.  0.  0.  0.  0.
  0.  1.  0.  0.  1.  1.  0.  0.  0.  0.  0.  0.  0. -3.  1.  1.  0.  0.
  0.  0.  0.  0.  1. -2.  0.  1.  1.  1.  0.  0.  1.  0.  1.  0.  0.  0.
  0.  0.  0.  0. -1.  1.  0.  0.  0.  0.  0.  0.  0.  0.  0.  0.  0.  0.
  0.  0.  0.  0.  0.  0.  0.  0.  0.  0.  0.  0.  0.  0.  0.  0.  0.  0.
  1.  1. -2. -1.  3.  3.]",4,0,0
"Players: ((3, 3) facing (0, 1) holding None, (1, 2) facing (1, 0) holding onion@(1, 2)), Objects: [], Bonus orders: [] All orders: [('onion',), ('onion', 'onion'), ('onion', 'onion', 'onion')] Timestep: 89","[0. 1. 0. 0. 0. 0. 0. 0. 0. 0. 1. 0. 0. 0. 1. 0. 3. 3. 1. 2. 0. 0. 1. 0.
 1. 0. 0. 0.]","[ 0.  1.  0.  0.  0.  0.  0.  0.  0.  0.  0.  0.  0.  0.  0.  0.  0.  0.
  0.  1.  0.  0.  1.  1.  0.  0.  0.  0.  0.  0.  0. -3.  1.  1.  0.  0.
  0.  0.  0.  0.  1. -2.  0.  1.  1.  1.  0.  0.  1.  0.  1.  0.  0.  0.
  0.  0.  0.  0. -1.  1.  0.  0.  0.  0.  0.  0.  0.  0.  0.  0.  0.  0.
  0.  0.  0.  0.  0.  0.  0.  0.  0.  0.  0.  0.  0.  0.  0.  0.  0.  0.
  1.  1. -2. -1.  3.  3.]",4,0,0
"Players: ((3, 3) facing (0, 1) holding None, (1, 2) facing (1, 0) holding onion@(1, 2)), Objects: [], Bonus orders: [] All orders: [('onion',), ('onion', 'onion'), ('onion', 'onion', 'onion')] Timestep: 90","[0. 1. 0. 0. 0. 0. 0. 0. 0. 0. 1. 0. 0. 0. 1. 0. 3. 3. 1. 2. 0. 0. 1. 0.
 1. 0. 0. 0.]","[ 0.  1.  0.  0.  0.  0.  0.  0.  0.  0.  0.  0.  0.  0.  0.  0.  0.  0.
  0.  1.  0.  0.  1.  1.  0.  0.  0.  0.  0.  0.  0. -3.  1.  1.  0.  0.
  0.  0.  0.  0.  1. -2.  0.  1.  1.  1.  0.  0.  1.  0.  1.  0.  0.  0.
  0.  0.  0.  0. -1.  1.  0.  0.  0.  0.  0.  0.  0.  0.  0.  0.  0.  0.
  0.  0.  0.  0.  0.  0.  0.  0.  0.  0.  0.  0.  0.  0.  0.  0.  0.  0.
  1.  1. -2. -1.  3.  3.]",4,0,0
"Players: ((3, 3) facing (0, 1) holding None, (1, 2) facing (1, 0) holding onion@(1, 2)), Objects: [], Bonus orders: [] All orders: [('onion',), ('onion', 'onion'), ('onion', 'onion', 'onion')] Timestep: 91","[0. 1. 0. 0. 0. 0. 0. 0. 0. 0. 1. 0. 0. 0. 1. 0. 3. 3. 1. 2. 0. 0. 1. 0.
 1. 0. 0. 0.]","[ 0.  1.  0.  0.  0.  0.  0.  0.  0.  0.  0.  0.  0.  0.  0.  0.  0.  0.
  0.  1.  0.  0.  1.  1.  0.  0.  0.  0.  0.  0.  0. -3.  1.  1.  0.  0.
  0.  0.  0.  0.  1. -2.  0.  1.  1.  1.  0.  0.  1.  0.  1.  0.  0.  0.
  0.  0.  0.  0. -1.  1.  0.  0.  0.  0.  0.  0.  0.  0.  0.  0.  0.  0.
  0.  0.  0.  0.  0.  0.  0.  0.  0.  0.  0.  0.  0.  0.  0.  0.  0.  0.
  1.  1. -2. -1.  3.  3.]",4,0,0
"Players: ((3, 3) facing (0, 1) holding None, (1, 2) facing (1, 0) holding onion@(1, 2)), Objects: [], Bonus orders: [] All orders: [('onion',), ('onion', 'onion'), ('onion', 'onion', 'onion')] Timestep: 92","[0. 1. 0. 0. 0. 0. 0. 0. 0. 0. 1. 0. 0. 0. 1. 0. 3. 3. 1. 2. 0. 0. 1. 0.
 1. 0. 0. 0.]","[ 0.  1.  0.  0.  0.  0.  0.  0.  0.  0.  0.  0.  0.  0.  0.  0.  0.  0.
  0.  1.  0.  0.  1.  1.  0.  0.  0.  0.  0.  0.  0. -3.  1.  1.  0.  0.
  0.  0.  0.  0.  1. -2.  0.  1.  1.  1.  0.  0.  1.  0.  1.  0.  0.  0.
  0.  0.  0.  0. -1.  1.  0.  0.  0.  0.  0.  0.  0.  0.  0.  0.  0.  0.
  0.  0.  0.  0.  0.  0.  0.  0.  0.  0.  0.  0.  0.  0.  0.  0.  0.  0.
  1.  1. -2. -1.  3.  3.]",4,0,0
"Players: ((3, 3) facing (0, 1) holding None, (1, 2) facing (1, 0) holding onion@(1, 2)), Objects: [], Bonus orders: [] All orders: [('onion',), ('onion', 'onion'), ('onion', 'onion', 'onion')] Timestep: 93","[0. 1. 0. 0. 0. 0. 0. 0. 0. 0. 1. 0. 0. 0. 1. 0. 3. 3. 1. 2. 0. 0. 1. 0.
 1. 0. 0. 0.]","[ 0.  1.  0.  0.  0.  0.  0.  0.  0.  0.  0.  0.  0.  0.  0.  0.  0.  0.
  0.  1.  0.  0.  1.  1.  0.  0.  0.  0.  0.  0.  0. -3.  1.  1.  0.  0.
  0.  0.  0.  0.  1. -2.  0.  1.  1.  1.  0.  0.  1.  0.  1.  0.  0.  0.
  0.  0.  0.  0. -1.  1.  0.  0.  0.  0.  0.  0.  0.  0.  0.  0.  0.  0.
  0.  0.  0.  0.  0.  0.  0.  0.  0.  0.  0.  0.  0.  0.  0.  0.  0.  0.
  1.  1. -2. -1.  3.  3.]",4,0,0
"Players: ((3, 3) facing (0, 1) holding None, (1, 2) facing (1, 0) holding onion@(1, 2)), Objects: [], Bonus orders: [] All orders: [('onion',), ('onion', 'onion'), ('onion', 'onion', 'onion')] Timestep: 94","[0. 1. 0. 0. 0. 0. 0. 0. 0. 0. 1. 0. 0. 0. 1. 0. 3. 3. 1. 2. 0. 0. 1. 0.
 1. 0. 0. 0.]","[ 0.  1.  0.  0.  0.  0.  0.  0.  0.  0.  0.  0.  0.  0.  0.  0.  0.  0.
  0.  1.  0.  0.  1.  1.  0.  0.  0.  0.  0.  0.  0. -3.  1.  1.  0.  0.
  0.  0.  0.  0.  1. -2.  0.  1.  1.  1.  0.  0.  1.  0.  1.  0.  0.  0.
  0.  0.  0.  0. -1.  1.  0.  0.  0.  0.  0.  0.  0.  0.  0.  0.  0.  0.
  0.  0.  0.  0.  0.  0.  0.  0.  0.  0.  0.  0.  0.  0.  0.  0.  0.  0.
  1.  1. -2. -1.  3.  3.]",4,0,0
"Players: ((3, 3) facing (0, 1) holding None, (1, 2) facing (1, 0) holding onion@(1, 2)), Objects: [], Bonus orders: [] All orders: [('onion',), ('onion', 'onion'), ('onion', 'onion', 'onion')] Timestep: 95","[0. 1. 0. 0. 0. 0. 0. 0. 0. 0. 1. 0. 0. 0. 1. 0. 3. 3. 1. 2. 0. 0. 1. 0.
 1. 0. 0. 0.]","[ 0.  1.  0.  0.  0.  0.  0.  0.  0.  0.  0.  0.  0.  0.  0.  0.  0.  0.
  0.  1.  0.  0.  1.  1.  0.  0.  0.  0.  0.  0.  0. -3.  1.  1.  0.  0.
  0.  0.  0.  0.  1. -2.  0.  1.  1.  1.  0.  0.  1.  0.  1.  0.  0.  0.
  0.  0.  0.  0. -1.  1.  0.  0.  0.  0.  0.  0.  0.  0.  0.  0.  0.  0.
  0.  0.  0.  0.  0.  0.  0.  0.  0.  0.  0.  0.  0.  0.  0.  0.  0.  0.
  1.  1. -2. -1.  3.  3.]",4,0,0
"Players: ((3, 3) facing (0, 1) holding None, (1, 2) facing (1, 0) holding onion@(1, 2)), Objects: [], Bonus orders: [] All orders: [('onion',), ('onion', 'onion'), ('onion', 'onion', 'onion')] Timestep: 96","[0. 1. 0. 0. 0. 0. 0. 0. 0. 0. 1. 0. 0. 0. 1. 0. 3. 3. 1. 2. 0. 0. 1. 0.
 1. 0. 0. 0.]","[ 0.  1.  0.  0.  0.  0.  0.  0.  0.  0.  0.  0.  0.  0.  0.  0.  0.  0.
  0.  1.  0.  0.  1.  1.  0.  0.  0.  0.  0.  0.  0. -3.  1.  1.  0.  0.
  0.  0.  0.  0.  1. -2.  0.  1.  1.  1.  0.  0.  1.  0.  1.  0.  0.  0.
  0.  0.  0.  0. -1.  1.  0.  0.  0.  0.  0.  0.  0.  0.  0.  0.  0.  0.
  0.  0.  0.  0.  0.  0.  0.  0.  0.  0.  0.  0.  0.  0.  0.  0.  0.  0.
  1.  1. -2. -1.  3.  3.]",4,0,0
"Players: ((3, 3) facing (0, 1) holding None, (1, 2) facing (1, 0) holding onion@(1, 2)), Objects: [], Bonus orders: [] All orders: [('onion',), ('onion', 'onion'), ('onion', 'onion', 'onion')] Timestep: 97","[0. 1. 0. 0. 0. 0. 0. 0. 0. 0. 1. 0. 0. 0. 1. 0. 3. 3. 1. 2. 0. 0. 1. 0.
 1. 0. 0. 0.]","[ 0.  1.  0.  0.  0.  0.  0.  0.  0.  0.  0.  0.  0.  0.  0.  0.  0.  0.
  0.  1.  0.  0.  1.  1.  0.  0.  0.  0.  0.  0.  0. -3.  1.  1.  0.  0.
  0.  0.  0.  0.  1. -2.  0.  1.  1.  1.  0.  0.  1.  0.  1.  0.  0.  0.
  0.  0.  0.  0. -1.  1.  0.  0.  0.  0.  0.  0.  0.  0.  0.  0.  0.  0.
  0.  0.  0.  0.  0.  0.  0.  0.  0.  0.  0.  0.  0.  0.  0.  0.  0.  0.
  1.  1. -2. -1.  3.  3.]",4,0,0
"Players: ((3, 3) facing (0, 1) holding None, (1, 2) facing (1, 0) holding onion@(1, 2)), Objects: [], Bonus orders: [] All orders: [('onion',), ('onion', 'onion'), ('onion', 'onion', 'onion')] Timestep: 98","[0. 1. 0. 0. 0. 0. 0. 0. 0. 0. 1. 0. 0. 0. 1. 0. 3. 3. 1. 2. 0. 0. 1. 0.
 1. 0. 0. 0.]","[ 0.  1.  0.  0.  0.  0.  0.  0.  0.  0.  0.  0.  0.  0.  0.  0.  0.  0.
  0.  1.  0.  0.  1.  1.  0.  0.  0.  0.  0.  0.  0. -3.  1.  1.  0.  0.
  0.  0.  0.  0.  1. -2.  0.  1.  1.  1.  0.  0.  1.  0.  1.  0.  0.  0.
  0.  0.  0.  0. -1.  1.  0.  0.  0.  0.  0.  0.  0.  0.  0.  0.  0.  0.
  0.  0.  0.  0.  0.  0.  0.  0.  0.  0.  0.  0.  0.  0.  0.  0.  0.  0.
  1.  1. -2. -1.  3.  3.]",4,0,0
"Players: ((3, 3) facing (0, 1) holding None, (1, 2) facing (1, 0) holding onion@(1, 2)), Objects: [], Bonus orders: [] All orders: [('onion',), ('onion', 'onion'), ('onion', 'onion', 'onion')] Timestep: 99","[0. 1. 0. 0. 0. 0. 0. 0. 0. 0. 1. 0. 0. 0. 1. 0. 3. 3. 1. 2. 0. 0. 1. 0.
 1. 0. 0. 0.]","[ 0.  1.  0.  0.  0.  0.  0.  0.  0.  0.  0.  0.  0.  0.  0.  0.  0.  0.
  0.  1.  0.  0.  1.  1.  0.  0.  0.  0.  0.  0.  0. -3.  1.  1.  0.  0.
  0.  0.  0.  0.  1. -2.  0.  1.  1.  1.  0.  0.  1.  0.  1.  0.  0.  0.
  0.  0.  0.  0. -1.  1.  0.  0.  0.  0.  0.  0.  0.  0.  0.  0.  0.  0.
  0.  0.  0.  0.  0.  0.  0.  0.  0.  0.  0.  0.  0.  0.  0.  0.  0.  0.
  1.  1. -2. -1.  3.  3.]",4,0,0
"Players: ((3, 3) facing (0, 1) holding None, (1, 2) facing (1, 0) holding onion@(1, 2)), Objects: [], Bonus orders: [] All orders: [('onion',), ('onion', 'onion'), ('onion', 'onion', 'onion')] Timestep: 100","[0. 1. 0. 0. 0. 0. 0. 0. 0. 0. 1. 0. 0. 0. 1. 0. 3. 3. 1. 2. 0. 0. 1. 0.
 1. 0. 0. 0.]","[ 0.  1.  0.  0.  0.  0.  0.  0.  0.  0.  0.  0.  0.  0.  0.  0.  0.  0.
  0.  1.  0.  0.  1.  1.  0.  0.  0.  0.  0.  0.  0. -3.  1.  1.  0.  0.
  0.  0.  0.  0.  1. -2.  0.  1.  1.  1.  0.  0.  1.  0.  1.  0.  0.  0.
  0.  0.  0.  0. -1.  1.  0.  0.  0.  0.  0.  0.  0.  0.  0.  0.  0.  0.
  0.  0.  0.  0.  0.  0.  0.  0.  0.  0.  0.  0.  0.  0.  0.  0.  0.  0.
  1.  1. -2. -1.  3.  3.]",4,0,0
